document,label
9월백신출시~~현실이 되면 좋겠네요~~,0
영국이 대단한게 자국백신도 계약하고 다른니라 제약회사도 선제적으로 계약하고 있다. 우리나란 뭐하냐? 또 국산화에 미쳐서 아무것도 안하겠지? 훅간다.,1
WHO말은 이제 신뢰할수 없어,0
옥스퍼드대랑 벡시텤이라는 회사 합작품인데 진매트릭스가 벡시텍 지분6프로 가지고잇다,1
와우 과거와같은생활 마스크없는생활 현실이겠죠^^,1
문재인 변호사는 중국 백신 기다리고 계약하는거 아닌지 모르겠네요,1
백신성공 축하합니다. 그백신 우한폐렴 퍼트린 중국에는 절대로 팔지 마세요~,1
제발 누구라도 빨리 만들었으면 좋겠다 ㅠ 정말 사는게 아닌거 같다,1
"결국은 기술력이다. 생존은 기술에 따라 달린 것이다. 단기적으로 전염병을 막는 백신을 개발하거나, 장기적으로 환경 보호를 위한 공해 저감 장치를 개발하거나. 기술 발전을 위해서 현 2030세대가 기술직에 분포되어야 할텐데, 4050세대의 삽질로 2030세대는 안정된 공무원이 되고자 하며 능력을 펼치지 못한다. 향후 기술력이 도태된 인구 소국은 또 다른 의미의, 다른 나라의 식민지로 전락하고 말 것이다. 슬프다.",0
한국의 빈수레는 요란하다. 문재앙 닮아서,1
영국도 반중이니까 친중좌파놈들은 처맞지말고 중국백신나올때까지기다리다 그거처맞어라,1
조현병 문 : 어? 이러문 내가 모가돼 훠훠훠,1
WHO 말이라서 못믿겠다,0
역시옥스포드,1
영국 없으면 아직도 소 끌고 다니며 밭이나 갈고 잇겟지 ㅋ,1
빨리 만들자 그리고 끝내자,0
미국이 빨리 정상화 되서 중공이 ㅈ됐으면 좋겠다.,1
우리나라에선 하고나 있나요? 그냥 집값자느니 어쩌고 저쩌고~~~~ㅉㅉ,1
중공폭격 들어가자,0
진매트릭스 대박나것네,1
문신발 투척 good!!,0
이래서 사람들이 모더나 주식을 내던지는구나....,1
너무 반가운 소식입니다! 코로나 이전의 자유롭게 여행하던 삶으로 너무나 돌아가고 싶습니다ㅠ 기다립니다~~~~,0
코로나 터지고 백신 말만 많음...배포되고나서 말하자,0
셀트리온 정신나간 넘들,1
백신이 개발된다 한들 올해 안에 상용화가 가능할지... 부작용 문제가 없었음 좋겠다,1
문재앙 진단키트 콜센타는 문닫았냐? 요새 조용하노?,1
"유클립투스 오일의 코점막 살균효과, 유산균의 유해균살균 효과, 쑥연기의 공기살균효과 그리고 손소독과 마스크..... 이런것이 우리집 방역수단...",1
코로나 백신 조만간 나오겠네요,0
백신장사꾼 빌 게이츠가 가만히 보고 있을까? 글고 COVID19는 계속 변이한다더만...,0
주식시장에서 SK케미칼 차트 잘 보세요.,0
전 세계가 백신개발을 위해 노력하고 있네요. 우리나라도 하루 빨리 백신이 개발되었으면 좋겠어요. 일상으로 돌아갈 수 있는 그날을 기다립니다.,1
북한보다 느리네ㅎ,0
한국의 제약. 바이오사 시끄럽기나 했지.백신. 치료제는 별거 없나보네.,1
중국 놈들 뭘 만들다 샌 것이더냐?,0
제발 누구든 성공하길~~,0
임상실험 100퍼센트? 설마 진짜일까?,0
셀트리온 개망이네..,0
셀트리온은 머하고 있나,1
파미셀에 뉴클레오시드와 관련이 돼있는걸로 아는데 맞는지요? 누가 대답좀 부탁드려요 뉴클레오시드 세계점유율 80퍼센트,1
한국에서는 안돼겠지?돼더라도 걱정이다..문재인 자기가만든것처럼 선전할꺼니..ㅠ,1
빨리좀개발해라.....그것도싸게개발해서. 좀버습해줘라....불안불편그리고삶의의역상싱등등너무부작영이크다,1
역시 영국이 백신은 세계 최고다..,0
영국 마스크도 안쓰고 요즘도 확진자 500 - 800명대라 답없다 생각했는데 이런걸 보니 그나마 안심된다. 백신 테스트 지원자 계속 모집하던데 이건가보다.,1
발효잘된 김칫국물로 링겔 맞는게 차라리 효과만점일지도..,1
우리나라 뭐하냐 세계에서 제일 머리좋은 민족이 왜 머리를 안씀,0
"희망고문 하지마라. 백신은 솔직히 나오기 힘들다. 메르스,사스도 백신없다. 변이가 계속되는데 어찌 만든단 말이냐. 변이속도 맞춰서 미리 개발이라도 하나? 감기도 정복 못했으면서 무슨;;차라리 치료제 개발이 쉽다. 어차피 무증상감염자들은 백신이고 치료제고 나발이고 필요없이 자동셀프치료 되는거고 위험군들에게 유효한 치료제 개발이 훨씬 가능성이 높다. 음모론 따윈 믿지않지만 전세계 인구 줄이기 프로젝트가 맞다면 치료제는 더 늦게 나올거고, 그게 아니면 돈독오른 제약사들에의해 머잖아 나올거다. 담배의 니코틴이 코로나 잡는다며? 뻘소리겠지?",1
머카노 셀트리온이 젤압서있는데 노벨의학상은 따논 당상임 화이팅 조선,1
건강한 사람 80%는 무증상.. 유증상 중 80%는 1~2주 안에 치료없이 완쾌된다..... 백신이 왜 필요한거냐??????,0
문대통령은 국민과 거리두기한지 오래됨. 걍 탄핵촉구를 하심이 옳을 것 같소.,0
울면서 립서비스 하는 김정은의 모습에 감읍하여 종전선언으로 보답하는 문재인은 과연 대통령 자격이 있을까..우리국민 한사람이 참혹하게 죽음을 당하여도 북에 한마디 못하는 치졸한 모습을 본 국민들은 분노한다..식견과소통 능력도 없는 자격없는 자이다..,1
누구맘대로 종전이고 통일이요? 난 빨갱이되기싫어유!안철수 힘내요!,1
"문재인을 대통령이라 할 수는 없다. 제 1대 ""북통령""이라 불러야 한다. 이 자는 북한이 진정한 자기 조국이다. 남한 국민들에게 그 본심을 숨기고 사기쳐 대통령 된 자다. 문재인정권의 모든 위정활동이 그 증거다!",0
"ㅋㅋ 독백, 스토킹 어쩜 이렇게 옳은 말씀을~!!",0
말 진짜 속 시원하게 잘한다니까 안철수가 문재인 깔때마다 그나마 쌓여있던 스트레스가 조금이라도 풀린다,1
"솔직히 안철수만큼 좋은 사람도 없는데 정치판에서는 좋은사람, 좋은정책이 아니라 극과 극으로 나뉘어서 상대만 깔아뭉개고 이기려는짓만 하니, 좌나우나 옳은정책이나 좋은 정치인은 없고, 쓰레기들만 넘쳐나지. 좋은정책, 똑똑한 사람은 정작 정치를 할 세력을 모을 수 없다는게 슬픈현실.",0
"2012, 2016년 대선후보 TV토론당시 홍준표,유승민과 박그네가 ""대한민국의 주적이 누굽니까?"" 라고 묻자 문재인은 '그런 식의 색깔론으로 나오시면 안되죠 허허' 라고 했다. 결론을 내지 않고 물타기, 동문서답 뚱딴지 같은 소리하고 말 빙빙 돌렸지. 이거 리얼팩트고 지상파 대선후보 TV토론 재방송으로 보면 진짜 이렇게 대답했다(가짜뉴스 아님) 대한민국의 주적은 북한, 공산당과 김정은이다.",1
현재 우리나라에서 문재인 빡돌게 하는 인간은 단 두명 안철수하고 약간 맛탱이 간 전광훈 ㅋㅋ 난 이 둘을 응원한다 ^^,1
사이다 발언이다. 스토킹을 그만두어야 하는데 정작 당사자는 멘탈고장으로 스토킹인지 모른다는 것이다.,0
국민보다 북한이 먼저인 대통령을 어느 국민이 용서할까요?,0
네이버에 빨갱이가 들어왔네...안대표가 틀린애기 했나?? 나도 헸갈린다 문죄앙이 남쪽 대통령인지.....어찌 국민이 북한군에 총맞고 죽고 시신이 불태워졌는데 국민은 안중에 없고 오직 정은이 와 북한인민 만 걱정 하는지...----달님은 영창으로~~~,1
안철수 순수하고 정치인으로서 많이 성장한 거 같아 성원한다.예전 충분히 검증되지 않은 채 과다한 지지를 받을 때는 우려를 했었는데 박근혜나 문재인이나 그놈이 그놈인걸로 똑같이 대통령 감이 못되다는게 확인된 지금 진영논리에서 벗어나 대한민국의 안위를 위해 안철수에게 성원과 지지를 가져볼 때가 아닌가 생각한다.,1
국제적으로 망신이다,0
종전선언하면 주한미군철수 명분만 챙겨주는거다ㅋㅋㅋㅋ,0
"요즘 찰스 눈에 총기가 서려있네, 예리하고 날카로운 촌철살인 멘트에 조금씩 관심갖기 시작함~~",0
입만놀려 얘는ㅋㅋㅋ,1
진보의 열차를 타던 사람들이 능력이 딸려 쫒겨나니 혹시나 하고 보수의 틈새를 노리고 기웃거리더니 왜 이렇게 추접스럽게 변했나? 사람도 나이를 먹으면 좀 추해지는데 이건 늙지도 않았는데 벌써 꼰대 냄새가 나니 참 아이러니다.,1
우리는 지난 번에 안철수를 뽑았어야 했어ㅠㅠ 북한 짝사랑만 하는 문재인 대신에,0
안철수대표는 이과라 그런지 핵심은 잘 찌르는데 토론이 안되....그것만되면 다음 대선에서 이길텐데,1
"철수야, 너의 정체성은 뭐냐?이쪽 저쪽 왔다리 갔다리 하니 헷갈린다.",1
"안철수 형은 말씀 잘 하시는데, 왜 본인은 행동을 하지 않는지... 권력년 그만 짝사랑 하시고 옛 모습으로 돌아가세요. 스토킹은 범죄입니다.",1
혼자 대통령한테 라이벌의식 쩔어 웅변연습이나 계속 하셔 아님 마라톤이나 하든가,1
대통령은 헌법기관으로서 마땅히 국민을 수호해야할 의무가 있거늘.. 월북자라고 총살당해도 싸다라고 나오면 박근혜랑 다를게 뭐냐?,1
"진짜 이 정권을 어찌해야 하나...나서서 국민들 속 좀 시원하게 해줄 사람 없나. 할 수 있는거란건 가끔씩 나와 한마디 비판하는거, 야당은 이럴때 뭐하고 있나. 전부 힘 모아서 어찌좀 해봐라. 분통 터져 자빠지겠다.",1
다음 대통령은 김영삼이 전두환 노태우를 심판대에 올리고 하나회를 척결했드시 문재인과 주사파 일당들을 척결하여 나라의 근본을 다시 세울 의지가 있는 사람이 국민들의 지지를 받고 차기 대통령이 될 것이다. 문씨와 그일당들의 행태로 해서 존경하고 좋아하던 김대중과 노무현도 싫어 졌으며 김영삼이 다시 보인다,1
내가하고 싶은말 대신해 주네 듣기싫더라도 바른말을 해야한다. 안 지지한다,1
앉으나 서나 수령님생각 앉으나 서나 국방위원장님 생각 떠오르는 정은님모습 피할길없는 문마음~ 종전하자고 애원했건만 답변은 삶은소대가리 ~~,1
안 대표는 “단언컨대 지금 문 대통령이 보여주는 행보는 대한민국 대통령의 자세는 결코 아니다”라며 “대통령은 끝내 우리 국민의 참혹한 죽음을 외면할 생각인가. 지금 대한민국은 국가의 책임과 역할을 다하고 있나”라고 지적했다,0
요새 안철수 강하네!화이팅!,1
철수야 넌 깜이 아니다 조용히 지내라,0
노무현때하고 많이 겹친다 모든 상황이 참...,1
휴전상태의 종전은 허공의 메아리일뿐 북핵에는 입도 뻥긋 못하면서 ㅎㅎㅎ~~ 종전선안 능력도 자격도 UN~~,1
뭐래,0
이미 실효가 지난 존재감.안철수씨는 방역의사가 정답이오. 마치 외계인같은 넋두리는 그만.정계 은퇴하시오. 쥐꼬리 붙들고 그걸 역량이라고.,1
좌파들은 기생충처럼 질척질척 특징이죠,0
"안철수를 지지한다. 학창시절 제대로 열심히 공부하였고, 국방의 의무를 정상적으로 이행하였고, 직장인으로서 사회생활도 정상적으로 하였다. 민주화운동을 하였네 하면서 학창시절 공부하지 않아서 대가리가 비었고, 군대도 못간 자들, 평생 정상적인 직장생활조차도 못해서 세치혀만 가지고 떨거지들 끼리 정치권을 맴돌다가 로또에 당첨된 자들은 정치를 해서도 안되며 지도자가 되어서는 더 더욱 안된다. 민주화니 춧불이니 하면서 정상적인 사회생활보다는 작전과 음모로 연명해온 자들은 국민의 대표가 될 수 없다. 안철수같은 깨끗한 지도자가 정치하길 바란다",1
철수는정치계에서 하루빨리 철수하는 것이 본인에게 이롭다 아마가 프로 노는 데서 무슨 훈수를 두나,1
동네 바보형이 놀림을 많이 받더니 독설가가 됐네. ㅋㅋㅋ 더 웃긴다야..,1
제발 문재앙이 탄핵좀 해라!!타당한 이유는 많지않나?,1
정확한 표현 안철수다,0
문빠 조선족 알바들 총동원령 내릴 기사임~~ㅋㅋ,0
안철수 대표가 야당성을 회복하고 있으니 더 강고하게 나가면 희망이 보입니다,0
안철수 말이 너무나 맞다고 생각해 오죽하면 울나라 대통령인데 김정은 비서실장 아니냐는 말까지 듣겠어? 진짜 화 나,1
ㅋㅋ이르다 민주당이 300석 하긋는데!!!,1
어제가 한글날이지... 초딩에게 맞춤범 뿐만 아니라 바른말도 가르쳐라...이상하게 늙은 초딩이 험한 말하면 자기가 옳은 줄안다...ㅋㅋㅋ 503 보고 있냐? 이게 다 너 때문이야..*잡고 반성하고 있어,1
종전선언은 전쟁을 부르는 전주곡인건 모르고 헛소리를 할뿐 아무런 효과도 앖는일 입니다.종전선언 후에 남북전쟁을 1:1로 다시 하겠다는 뜻으로 해석을 하면 됩니다.,1
북죄인 10통령,1
지지합니다..,0
천안함 우리바다에서 수장됐을때 우린 뭘 할 수 있었나 ?,0
"어떻게 된게 안철수의원 말을 듣다보면 빵 터짐, 카타르시스~~",1
맞는 말입니다 문재인은 죽자살자 김정은만 바라보지만 김정은은 자기 유익에 따라 응답하니 너무 안타깝습니다 이나라 백성이 죽어도 천안함이 폭침 당해도 적군이 당한것처럼 여기니 분명 이나라의 대통령은 아닌가 봅니다 문재인과 민주당이 대한민국을 위하는 것 같이 국정을 운영하나 죽이고 있음을 깨달아야 합니다 문재인과 민주당이 사단의 권세요 마귀요 하나님의 심판의 대상입니다 국민여러분 그들에게 속지마십시요 그들을 심판하러 예수님께서 와이솔이란 이름으로 오셨습니다,1
월남의 패망에 희열을 느꼈습니다. 대통령의 이념을 알아 차릴 수 있었지만 국민들이 촛불선동과 세월호에 눈과 귀가 가려진 겁니다. 최순실과 정유라의 밉상에 물어뜯는데 광기어린 국민들이았습니다. 마치 좀비같있지요.,1
이적행위자는 총살형 시켜야...,0
그래서 당신은 국민을 위해서 뭘했나,1
한반도 평화가 싫으세요? 무슨 노력이라도 해보고 그런소릴 해야지,1
어이구 .모질이. 안초딩,1
프로바보,1
금수저로 태어나 명박이때 한몫챙겨 사라졌다 선거때만되면 나타나 초딩같은말만하는 철수ㆍ 넌 나라를 위해 뭐했는데?,1
"종전선언을 바라는 것이 직무유기 인가? 새정치를 외치고, 구태정치청산을 외친 자가 그것을 이행하지 못하면 국민과 지지자들의 기만행위 아닌가? 국경와 영해를 침범하면 무조건 사살하라는 북한 수뇌부의 명령이 잘못되었다는 것 인가요? 우리나라와 같이 불법보트가 칩입해도 모르는 나라가 올바른 나라인가? 지금 우리나라는 67년동안 남.북 휴전상태 입니다. 종전선언은 당연한 것 아닌가?",1
철수 안했냐? 보수꼴통 다 되었네. 그나 미국은 언제가노?,1
"🥶🥵🤩문통은 야당과 국민들이 독재하지말라고 광화문에서 아무리 시위를해도 눈도깜빰 안씁니다. 🤩🥵🥶지난해 ,시위대가 청와대를 에워싸도 전문운동권출신이라 , 전혀 미동도 안했잖아요. 🥶🥵🤩이젠 부득이 군인들을 동원시켜 청와대와 민주당내에 창궐하는 종북세력들을 쫒아내는수밖에 없습니다.",1
남쪽이 힘있고 잘사니 우리가 짝사랑이라도 해서 통일로 가야하지 않는가?,1
입만열면 거짓말또는 선동 정부 ~ 이런 꼬라지를 언제까지 봐야하나? 지옥으로 변해버린 나라,1
끝도 없는 막말을 하는거 보니 영혼 없는 안철수한테 꼴통 가정교사가 붙었나 보네 ㅉㅉㅉㅉ 어쩌다가 이렇게 망가졌냐? 다음 대선에서도 떨어지면 이제 정계 은퇴 하셔라..,1
당신은 그럼 전쟁대치 계속하면 좋겠어요,1
아무것도 안하고 누워서 통일은 대박 하루에 백번외쳐라.,1
출신은 못속이는법 북출신 문재앙,1
종전선언 대한민국 국민들 소원이지요 단 핵을 완전히 재거되었을때 종전 이지 무슨 핵을 포기하지 않은종전은 없다,1
문죄인 북으로 드가 살아라...,1
철수 은희 못난것들 니들이올바른 사람이라면 벌써 의원뺏지 버리고 국민앞에 사죄하고 정치에서 꺼저어야지 권은희 바보도,1
요즘 앙칼진 사이다발언 잘하네. 정치가 뭔가 좀 아네,1
구구절절 맞는 말...하지만 우리에게는 힘이 없다. 분할 뿐,1
국민들에게 이런 자괴감을 주려고 정권을 잡으셨나요? 북한에 대고 비핵화 이행하라고 강력한 한마디라도 해주셔(비록 개뻥라도...)이젠 쪽팔림도 지나 그냥 세월만 가길 바랄뿐이지만 문득 문득 부화가 치솟네요 ㅠㅠ,1
"네, 문재인의 종전선언이 꼭 젖먹는 철부지의 칭얼거림이나 철창에 갇힌 동물의 무한 반복 왔다 갔다 같아요.어느 가을날 소금만 넣고 끓인 호박잎 국처럼 맛과 영양도 없어 버리는 것입니다. 도대체 문재인은 몰라도 너무 몰라요.",1
닌 바이러스나 연구하라니 기웃대지 말고,0
뚜ㅣ자 마라토너,1
ㅋ 일본산 MB 아답타가 글치 뭐~ ㅋㅋㅋ,1
이미지가 점점 피닉제를 닮아가네,0
남북 통 2 개방 우방하자! 정은이 철들고 나서 ᆢ그러나 김정은이 저들만의 아성을 허물일 절때 못하고 안할것 아니겠나? 겹겹이 무기 아성을 왜 어떻게 만들었는뎅요,1
분명해 보이면 세모는 노안 일것이다,1
저게 생기긴 여자처럼 생겨 가지고 안철수 너 뮈를할래 모자란자식 기회주의자식 지도 남자라고,1
"안교수님, 안박사님...당신은 여기까지가 존경받을수 있는 위치요. 절대 국민을 대표하는 리더는 아니라는 걸 알았으면 합니다. 세상이 변하고 있는데, 남북관계에서 미래세대는 돌파구를 찾아야 미래 먹거리가 창출되고 기회가 온다는 사실을 평범한 가장도 보이는데, 하물며, 어느당의 대표라는 이가 이정도 수준이라니...ㅉㅉ",1
북한의 대변인 노릇을 한 지는 벌써 오래 전이었다.,1
진중권에게 물어 보아라. 이 시기에 이 발언이 맞는 것인지? 아닌지?,1
"난 오늘 정답을 말한다. 유행가처럼 부르짖는 남북 통일이란 단어조차 성립될수없고. 왜, 두목이 둘 될수없으니, 그래서 앞으론,진심으로 조금이라도 가능한 방향이라면, 남북 개방국 하자 고 그렇게 움직이고 바라봐야 하지않을까? 요즘 오래 함께 살던 부부들도 졸혼하고 왼수는 안 하고 자유로히 남은생 또 더 새로이 말년 인생을 훌훌 다 털고 홀가분히 가길 원해요.",1
그냥 컴퓨터 바이러스 사업을 계속하셨으면 존경이라도 받으셨을것을...,1
동서고금을 막론하고 어리석은 지도자를 만나면 나라가 존망의 위기에 처하거나 망한다는 것이 사실이다. 아첨꾼들이 더해지면 나라의 운명을 예측하는 것은 어렵지 않다. 이 나라가 어떻게 만들어진 나라인데 데모꾼들의 세상이 되어 식량원조에 의존해서 연명하는 세계최빈국 수령인 김정은에게 경의를 표하고 찬양가를 서슴없이 불러대고 있는지 한심스럽고 억울하다. 현재 재래식 전력에서 세계 5위권의 전력을 가지고 있는 우리 국군을 무력화시켜서 눈치보는 개로 만들었다. 너희들도 당연히 집권할 수 있고 집권하였지만 제발 더 이상 나라를 망치지 말라.,1
두손모아 빌빌 거리는 모습이란ㅠㅠ국민인게 창피~~,1
마라톤 선수가적성에맞을거같은정치인,1
촬스~ 이제 그만~ 독백은 이제 그만~ 스토킹도 이제 그만~ 촬스~,1
당신이나 좀 조용히하세요 정치는아나? 투정이나부리고 왜 저한테만하세요ㅠㅠ,1
요즘 안철수 물 올랐다. 멘트가 정치인 다 된듯,0
낄때 안낄때도 모르는 ..,0
북한김정은이 경제실패로 말미암아 인민들의삶이 피골이 상접한상태에 이르기까지도달함에따라 향후 개선될기미가 보이질않자 북쪽인민들을 다둑거리면서 남쪽으로부터 경제지원을 희망하는 말로 언질을 주는것이라고 생각한다 이에 문대통령은 앞으로 어떻게 북한문제를 풀어갈것인지 우리는예의주시하고있다,1
"ㅋㅋ 촬스... 존재감도 없는데 기레기가 열심히 써주는 구나, 용돈 좀 받나부지?",1
그래서 재앙이는 대한민국을 중공인과 불체자들의 밥인 나라꼬라지로 만드느냐고 환장하는 늠인디 그런 넘을 대통령으로 만든 유권자들은 jott 잡고 반성해 니들은 좌8매국노들일뿐,1
꼭 대통령되어 나라를 바로세워 주세요,1
열락사무소 폭파는 --결국 우리국민 사살로 마무리되는 형국이고 (물타기) 우리국민 사살은 김정은의 악어의 눈물로 마무리 되였다 그 자신감을 봤는가? 핵페기 이외에 종전선이 있는가? 문재인은 아마도 황공하여 눈물을 흘릴것 더욱 퍼주고 편들어 김정은 비위 마추려 하고 이를 이용하는 김정은 은 문보다 백배는 똑똑한듯거기엔 아마도 제갈공명이 있는듯 하다 이건 뭐 사상이고 뭐고 그냥 무지랭이처럼 정권만 연장하면 땡 ㅋㅋ,1
짝사랑 아닌듯~ 어제 정은이 바베큐가 남녘동포들 사랑한데잖아 ㅋㅋㅋ,1
여야할것이없이 대안내라 야당이 정권잡으면 던쟁하나 김정은이가 핵개발안하는지 무조건반대아닌반대만하지말고 야당이 정권있을때 무엇하였는지 제발정치인들 정신차려라 국민편갈지말고 막연하게 서로 옥하고 핑게되지먈고 제시도 제대로 남북관계할수있는지 전쟁만 유일하게할수있는방안인지 아니면방법제시하라,1
이런 피곤한 기사들을 받쳐주는 기레지들 ...,1
ㅋㅋ 정확한표현,1
진짜 스토킹 같아~문재인 환자~,0
권력욕이 장난 아니네 안철수... 예전에는 참신한 모습이 있더니 언제 이렇게 흉물로 찌그러졌냐...,0
너야말로 1일 1독백 하냐???? ㅋㅋㅋㅋ 기레기들이 안철수 강제로 생면연장시키느라 기사써주니까 니 얘기를 기귀울여 들어주는쥴아냐??? ㅋㅋㅋㅋ,1
"문대통령. 딱하나. 잘하는것, 북한 바라기~",1
구구절절 맞는말밖에 안하네ㅋㅋ,1
이인간 얼굴만 봐도 스트레스네...너의 정체성을 알수가 없어...도대체 추구하는게 뭔지?,1
선거에서 떨어진 사람이 당대표가 될 수 있는 아이러니힌 법..,1
이런 사람이 정치한다고 중학생되면 정치해라 ㅉㅉ,1
생각없는 탈북자 수준의 외침,1
삐찌실까 두려워 글남깁니다,1
철수는철들자죽겠다.,1
당신이야말로 대선병이 심각 ㅉ대선을 스토킹하지말라,1
안철수가 하는 일이 근데 뭐냐?,0
통일 된다면 우리나라가 북을 흡수할까?? 아니면 우리가 북칸에 흡수를 당할까?? 생각이 있다면 머리좀 굴려라 ~ 이늠의 단 세포 종자들아,1
갑철수 문대통령 짝사랑 아직도 하냐?,0
니넘이 키워준 개들이 쥐약을먹고 한넘은 저세상으로 한넘은 나라를 어지럽히고 있는데 대하여 사과부터 해라.,1
은하철도999 담에 또 해바야넌 안돼~~당신 지지율을 생각하고 언행 조심혀~~땜빵용이야~~,1
기자한테 도망가던 철수 아이가,0
공부만 잘했던 넘이래서 문제야견의 아들같으니,1
맞는말. ㅜㅜ,0
안철수님~ 찬스 아닌가요 총대 매세요 지금 대통령 처럼~~,1
철수는 가만히 있으면 좋겄슈 그츄?,1
"언제쯤 되야, 멘트가 초딩을 벗어날까 ... 진짜 깬다.",1
북한북한 아주 지겹다지겨워. 누가그렇게 원한다고 통일 노래를부르고. 것두 김정은 김여정 하는 꼬라지를 보고 들이대세요.,1
태영호 의원은 한국국민인지? 북한국민인지? 누구나 거주하는 곳의 국민이 되는 것도 모르나?,1
언변이 늘으셨네요! 동감합니다. 무슨 짝사랑인지 ㅡㅡ,0
"아..집값정상화는 투기꾼집단에 졌고, 경제는 최저임금 인상에 폭망이고, 어떻게 대북관계라도 머든 해야 그나마 쌍욕은 안먹을텐데... 정은아 좀 도와도... 누구생각?",1
맞는말만 하는데 이사람보면 왜이리 불편하지?,1
"니, 혼자 달리기 보다, 백번 ... 천번 ...",1
철수는 지금 정권이 전 정권들 보다 훨씬 우리나라 국방에 투자하고 있는거 알기나 하나? 명박 아바타로 국물 빼먹기나 했으니 알리가 없지. 국회의원 조차 아닌 녀석이 자기를 거물인양 착각하는것도 이제 조롱거리 밖에 안됀다,1
평화통일로 가는길은 짝사랑이 아니라 스토커라도좋은거란다 초딩아,1
"대한민국 공무원이 아니고, 공무원 신분에도 불구하고 북으로 도망친 월북자입니다. 조국을 배신하고 월북한 사람도 한국이 도와줘야합니까......",1
다음 포탈 북한 공작원들 와글와글대깨문 문씨 쫌비들 와글 같은인간들,1
구구절절이 맞는말 또 맞는말. 우리국민보다 정은이 눈물이 더 중요한 문대통령,1
지원 중독증 걸린 문재앙,0
상대는 생각도 없는데 내가 너 좋아하니 우리 사귀는 걸로 하자고 자꾸 드리밀면 그건 범죄다. 문재앙은 희대의 사오정으로 고집까지 쇠고집이라 감옥에 쳐 넣는 것 외엔 답이 없다.,1
가자 빨갱이 탄핵하러,0
"ㄷㄲㅁ 중에 서울시장, 대통령 주변에서 기웃기웃한다고 말하는 녀석들 웃겨서 댓글 단다. 정치인 중에 누가 서울시장 대통령 자리 양보하겠냐. 철수가 양보한 적 없다는 놈들은 댓글알바냐 아니면 우기기만 하는 좌파냐",1
안철수 씨 말이 맞습니다. 당신의 말을 듣고 보니 백신은 V3를 써야 겠네요...,1
의미없다,0
적폐로 가는길... 마라톤으로...,1
정치인들은 다 똑같은데 누가 잘났고 못났고를 따지는지 모르겠다 국민생각? 다 지들 배채우는데만 우선 생각하면서 진짜 뉴스도 정치만 나오는걸로 따로 편성 했음한다 평생 않보구러,1
원칙주의자 안철수가 답이다!,0
"안, 오랜만에 옳은 말 했네",0
한심합니다.우리 국민 월북자로 몰아 버리고북은 초대형미사일 뽐내는 마당에 혼자서 종전선언.누구를 위한 정부인가요?,1
"미국에 누가 그랬다죠 문재인의 종전선언 발언에 대해서.........""누가 저말을 듣기나 하나?"" 라고.........",0
안철수~~이제 영원히 안 봤으면 좋겠는데...ㅉㅉ,0
좋은대응 한마디로 GOOD,1
이분?의사?,0
김정은을 짝사랑? 그렇다면 서울시 퀴어축제를 허용했던것도 이해가 가네 ㅋㅋㅋㅋㅋ,1
이럴땐 막걸리 한잔~~~,0
나무를 10번 찍을 생각 하지 말고 10번을 찍힐 나무를 생각해라,1
막상 종전선언 되면 거품물고 반대할 놈들이 아닌가?,1
헛소리 그만 하라. 대한민국을 미.북 전쟁터로 만들 것인가? 종전선언과 평화협정 꾸준히 밀고 나가야 합니다.한반도 전쟁은 초토화되어 사람이 살수 없는 땅으로 변해 버림니다.한국전은 다른나라 전쟁과 다름니다. 3분의2가 산악지대로 현대첨단무기로 15일전이면 남.북 모두 초토화되어 버림니다. 6.25와는 다름니다. 전쟁 전자도 모르는 사람들이 전쟁을 두려워 하지 않고 있습니다.,1
"<짝사랑이 지나치면 집착이 되고, 집착이 지나치면 스토킹> ---> 서울시장, 대통령이 되고 싶어 우왕자왕 여기 기웃 저기 기웃 안초딩의 국민 짝사랑/집착은 고로 스토킹임",0
그럼뭘해야되는지 대안을내라고? 전쟁을하라고하던가! 비판만하지말고,1
제발 그입다물라 ~~~~~,1
철수는 가만이 있으면 30점입뻥긋하면 -30점 말을할때는 주변 사람들과 상의하고 하는것이 좋을듯,1
퇴임후문재인을 어떻게 할 것인지 반드시 생각해야 한다..,1
여자하나하고 너하고 둘이서 뭐하니 철수야 나하고 놀자하니 바보자식,1
안철수에게 힘을...지지합니다!!정말..문지지자들테 궁굼해서 물어봐요...종전선언하면 뭐가 달라지나요???ㅡㅡ??진짜 궁굼해..진짜 ㅋㅋㅋㅋ,1
니가 하면 더 잘할것 같지? 착각이야,1
컴퓨터만 잘 하는 자폐인 놈ᆢ 누굴까ㆍ,1
철수야 너는 정치에는 전혀 안대 그냥 미국 가서 공부좀하세나,1
공격으로는 홍준표가 제일잘한지. 간철수론 무리다,1
이런 과정을 노력이라고 합니다.그러는 당신은 어떤 노력을 하고 있나요?점점 실망스런 모습 보이지 않으시길...,1
너 따위가 감히 따라할수 없는 행동이지.,1
한심한 권은희 아바타 안칠수 이젠 니 얼굴만봐도 차하고 짜증난다 지발 정계은퇴해라 한심한 바보야,1
한반도에 평화가 정착되야 우리가 잘사는 길이다이것을 모르는 사람이 있는 것 같아 한심하네똥은 무서워서 피하는게 아니라 더러워서 피한다,1
��안철수 (왓튼스쿨경제학 전공) 💙문죄잉 (변호사출신) ■격 이 다르다 《부채5000조 ●변호사출신이 무슨 경제를 ●알겠어 ㆍ똥꼬집만.......,1
종전선언은 좌8들 자신의 정치적입지와 자신들 대대로 세습 잘먹고 잘살겠다는 이기주의적인 가치관에서 나온 말 좌8들 특징이 종전선언과 자신 나라에 수레기 외국인 불체자 난민 유입 번식시켜 나라 전복시키는데 큰 의의를 두고 있지 좌8재앙이와 미국의 민주당 가치관이 일맥상통,1
스토커 재인 ㅋㅋ,1
"초지일관 종전선언 추진하라... 한바도 70년 전쟁상황 끝내자... 누구처럼, 해보다 힘들면 ""철수""하지마... 우리 후손들은 전쟁공포 없이 살게 해주라.",1
니 제대로 군대 갔다 왔니 전쟁이 그리 좋으냐 지금 우리는 신기록 을 향해 가고 있어 유럽에서 100년 전쟁이 있었어 우리는 200년 전쟁 기록 한번 세워보지,1
대선에서 미역국 먹었다고 상대를 그렇게 헐뜯으면 치사한거다. 언능 철수해!,1
축소지향적 정치인생을 살더니 이젠 영양가없는 말 제조기가 되었네,1
"철수, 쓰잘데기 없이 신경쓰지말고 달리기나 계속하시게나 ㅋㅋㅋ",1
종전선언은 북한한테 한국 쳐들어 오라는 신호보내는거자나,1
그래서.너의 정체성은 무엇인데?모자라도 너무 모자라다..달리기나 해 제발.,1
간철수로 개명해라,0
예끼놈~! 안어벙이는 미얀마 고산족 여자처럼 생긴 매경이 치마숙에서 놀거라!,1
코로나치료나 하시지요,1
얜 너무 순진해. 문재인 주위에 있는 히틀러 괴벨스 수준의 선동가들을 당해내지 못해. 국민들은 아무 것도 모르고 나라가 흔들리고 있어,1
"전시상황을 유지하고 싶은 건가... 언제 터질 지 모르는 불안감을 안고 살아 가야 한다는 말이냐.... 중국, 일본이 원하는 그림이겠지...",1
오랜만에 맞는 말씀을!!,0
당연히 종전해야지 철수는 전쟁이 지속되는 게 좋냐?,0
어제 방송안봣냐? 독백만은 아닌것 같던데? ㅋㅋㅋ,1
찰스는 대통령감 아니야,0
넌 얼굴안보여주는게 애국이다,1
문대통령은 남북관계 개선위해 최선을 다하고 있어요,1
촬스~~~아직 정치해???????,1
그러면 전쟁선언을하랴~~~!철수야 뜻이 있는곳에 길이 있다는 진리를모르느냐 ? 알턱이 있나~~~,1
애쓴다 애써,0
안철수와 윤석열이 손잡고 새로운 당 만들어라...대한민국을 살릴 유일한 길이다...한국당은 주사파와 한패야..,1
시끄럽다....................!!!,0
정신병환자의 스토킹 맞아요 그걸 이제야 알았다니 당신도 한심한 물건이네요,1
"철수야 ,너나 ,잘하세요",1
존재감도 없는데 계속나오네,1
내는 문재인대통령이 자랑스럽다.그래서 좌측으로만 앉는다.폰도 왼손으로만 잡는다. 대북 평화통일은 선점하는게 맞다. 글고 통일되긴 할듯.,1
정신빠진 정치인 ᆢ 국민을 위해 종전 선언을 중단하라 ?ㅡ국민을 위해 전쟁하라는 말인가 !💢 ㅡ 국가가 하는일을 스토킹에 비유하고 ㅡ앞뒤 맞지않는 언행을 보이는 안철수 ㅡ 안ᆢ철수 할꺼니 ㅡ 쫏겨나봐야 정신 차랄래 ㅡ,1
안철수 씨사업이나 하세요그동안 정치 하면서 제대로된 법안한번 내놓은게있나요자기 그릇을 알아서 사회구성원으로 사는것도애국 하는일입니다대권의 꿈은 버리세요 헛된꿈 버릴 나이도 됐잖아요정치입문후상대방을 헐뜯는것만 배운 당신이 안타까워서 몇자올려봅니다,1
비핵화 어지간히 떠드는데 북이가진 핵이 문제인지. 주변국들이 문제인지 생각좀하고 떠들자.,1
"꼽살이,, 백신이나 개발해라.여기저기 헛소리 그만 하고. 너 배신자야.",1
그래도 넌 좀 다를줄 알았더니...하나는 알고 둘은 모르는 대통령병 걸린 왕자처럼..ㅉㅉ김종인 할배말이 딱맞네..! 넌 아무리 짖거려도 대통령 그릇은 아님미다아~,1
본인이 한말 본인한테 대입해도 똑같은데 ?? ?? ? 짝사랑이 지나치면 스토킹 당신을 뽑아줄 사람은 없는데 ? 이미 당신의 밑천이 다 드러난판국에 뭔 ㅋㅋㅋ,1
그러니까 그럼 전쟁하자는 거냐 라고 반문하는거다 철수야 .한 사건으로 국가의 역사를 거르치는 짓은 하지 않는게 지도자의 길이다 지도자는 100년 미래까지 생각해야 하는 것이고 철수야,1
칠수야! 니가.스토킹수준이다.,1
"문재인 간첩 이라 의심드시는 분 찬성, 설마 아니야 하시는 분 반대 눌러봅시다.",1
헉! 이제야 알았다니,0
박헌영 김원봉처럼 북으로 보냅시다,0
노랑 목도리 걸어주며 문후보 지지했던 분 이닌가?,0
그때 박원순 문재인한테 양보하지 말았어아 했어요....보세요! 선의의 양보가 쓰레기 결과물을 냈잖아요. 양보 안하셨으면 전서울시장은 닳아빠진 신발 뒷굽끌며 자살안하고 평범하게 살고 있을거고 현정권은 시장경제 다 분탕쳐놓고 중국북한 개처럼 행동하잖아요 일본상대로만 잘하고 나머지는 빵점도 아니고 다 마이너스야. 이건 안철수님 책임도 없지않아 있어요.,1
요즘안철수가 자기목소리를 잘낸다. 좀더센 안철수의 정치를 기대해본다.,1
말 만들지 마라더 분통터진다,1
지지합니다.,0
진짜 문재인 머리 있냐? 걍 북한으로 가버려 너같은 거 대한민국 국민으로도 이름이 아까워 제정신이냐? 이러고 미군철수 하라고 진짜 미안한데 사라졌으면 좋겠어,1
대중적 기반을 잃은 정당들이 당명에 국민을 써 붙이고 저희 패거리들만 국민이라고 주장하는 어처구니 없는 상황이다. 선거 한 번만 더 치르면 해결될 문제이긴 하다.,1
그러니 자내당은 존재가치가 없어~~~? 국민이지지하질안찮아~~? 철수야~~~!!!,1
김정은이가 나뫈은 상대가 안된다고 과신하고 오판하고 있는데 문댕이가 굽신거리니..... 오판전쟁을 유발하는건지 모르겠다.,1
니보면 더 분통터진다. 임마,1
국회의원이 아닌 일반당원이 대표가 되면 월급 얼마 받고있나 전수 조사 해야한다,1
문재인이 돼지 김정은 쫄다구라는건 대깨문 빼고 다 알지 않나요.. 하긴 대깨문이 40% 넘는다고 구라미터에서 나왔지.. 몇년만에 한번도 경험하고 본적 없는 나라가 되었으니.. 불법이 합법이되는 세상..,1
그러게 왜 양보하냐 . . . 바보 양보 철수야,0
"우리나라의 희망안 철 수, 지지 합니다.",0
니가 양보해서 이지경 ㅁㅊ,0
상습도박하다 빚쟁이에 쫒겨 물놀이 튜브 준비해 감싸고 구명조끼까지 무장하고 눈에 안띄려 껌껌한 밤에 당직서다가 pc작업한다며 거짓말하고 도주한 것 같은디 너무 감싸는 것 아냐?,1
도로명주소를 만든 사람을 찢어발기고 싶다.,1
코로나 터져서 아무도 안가는 대구에 내려가 국민들 곁에 함께 한 정치인도 안철수고 V3 만들어 국민들이 무료로 쓰게 해준 것도 안철수지 우리나라 정치인중 안철수 만큼 사회에 도움된 정치인 있어? 없잖아 그래서 난 안철수가 좋아,1
자국민이 비상식적인 북한에 의해 죽었는데도 아랑곳안하고 이딴 방송을 보내다니.정신이 있습니까?,1
나는 철수 니가 더 분통터진다..,1
문재인이 대통령 이난것이 박근혜이상으로의 실정으로 이어졌고 대한민국 발전 동력을 살실했다 문가놈은 하루빨리 끌어내려야 한다!,1
안철수 화이팅!!,0
스토커는 하나의 정신병의 일종인데 문똥은 북한 김정은 기쁨조가 아니고서야 어떻게 저렇게 입만열면 북한 북한거리고 평화 화해 통일 종전선언을 입에달고 사는지 이건뭐 대똥령으로 뽑아줫더니 김정은을 못만나 안달난것처럼 짝사랑도 눈물겨워 더이상은 못봐주겠고 문똥이 안쓰러울정도니 문똥마음을 몰라주는 김정은 나빠요 어떻게 저리 우리 문똥사랑을 강아지보다못하게 모른체하냐?,1
아무리 발부등 쳐봐도 대통령되기는 글렀는거 같다.철수야,1
죄인이 북한 이먼저다 쩝쩝,1
국민담화는 안하는게 좋아요. 어설프게 종전선언 등 국민정서에 맞지않고 북바라기 소리만하면 국민염장만 질러대면 누가 책임지것소. 혹 북돼지처럼 눈물흘리며 참회의 담화면 OK지만...,1
나도 니가 아직 있어 분통터진다,1
우리나라에 그래도 멀쩡한 정신을 갖고 있고 국민이 필요로 하는 곳에 늘 함께 하는 안철수라는 정치인이 있어 다행이다전부 비리 덩어리들만 있는 정치권에 한줄기 희망같은 정치인이다,1
보도 무지하게 해주네...나를 저 정도 띄워주면...벌써 대통령 됐을텐데...,1
예전 문후보에게 양보했을때 분통이 터져 쳐다보지 않았으나 그후 그래도...하면서 지지했다가 해외나가시더니....나라 망하게 생겼어요 공산주의 사회주의 안됩니다. 철수님 바로ㅠ세워주세요. 스스로는 저사람들 안내려올겁니다.,1
늘 하는말....너나 잘하세요~,1
이낙연 대통령 밑에서 5년더 살고싶냐? 깜타령보다 이기는게 먼저다 안철수 말고 반문진영에 인물 없다 잘생각하자,1
북한을 떠 받들면 자기가 위대한 민족주의자인줄 착각하나봐요 ㅡ북한에서는 단순 이용물인데 ㅡ,1
당신은 국민보다 엠비먼저^_^,1
할줄 아는 게 네거티브 뿐인가요? 프레쉬함은 찾아볼수가 없어졌네요,1
"안철수 대표는 11일 자신의 소셜네트워크서비스(SNS)를 통해 ""우리 국민의 참혹한 죽음을 대하는 이 정부의 태도에서 어떤 분노나 절박감도 찾아볼 수 없으니 분통이 터진다""며 이같이 적었다.",1
아... 그냥 의사나 콘서트만 하시지... 도통 나라에 도움되는 행동을 본적이 없네 ㅠㅠ,1
우짜노 종인이형이 안씨는 관심없다네 ㅉㅉ더분발해야겄어,1
간첩이 아니고서는 절대로 할 수 없는 짓거리를 하는 것들.,0
안철수만 생각하면 원망스럽다..그렇게 문재인 잘알고 대선지지율도 모자란데..왜 끝까지단일화 안해서 ..이런꼴을 만들었냐...박원순만 잡았어도....,1
안철수님 응원합니다 우리나라 살려주셍ㆍ,1
지도 알것쥬..근데 왜안내려오냐고요!,1
아직도 문가 편드는 자들은 얼마나 더 무시를 당하고 뒤통수를 맞아야 정신을 차리려나! 제발등 제가 찍는건 좋은데 왜 다른 국민들까지 피해보게 만드냐구...,1
우리 철수도 한마디 해 주세요?무슨 말을 해야 하지요?제발 까지는 말고...좀 건전한 정책대안 같은 것으로...생각해 본 적이 없어서요. 그냥 까는 것 하면 안돼요?,1
너나잘해,1
안철수 당신이 빨갱이 아닌거. 그거 하나는 정말 맘에 든다..,1
종전선언!~>평화가 왔는데 미군과 UN군은 나가라! 외세는 나가라 양키고우홈!~~>와 진짜 우리민족끼리 세상이다^^~>북한군 기습남침! 제2차 한국전 발발~>문재인 성명! 이건 내전입니돠!미국과 UN은 개입하지 마십시오!~~>북한군 서울 점령 이어서 반격시 핵으로 포격성명~>문재인 성명!여러분 서울이 점령당했습니다!전쟁보다는 평화가 낫지않습니꽈?우리민족끼리 항복하고 통일합시돠~!~~>전라도민 그리고 부산시민 제주도 의열렬한 항복 지지선언!~~>전쟁중 촛불 평화 축제~~》전쟁발발 3개월 대한민국 패망~! (역사속 매우 뻔한 시나리오),1
그걸 이제 알았냐 철수야,0
그럼 북한에 가서 따져보던가 그럴 능력도 배짱도 없으면서 여기서 입만 나발나발 ㅉㅉ,0
하루이틀일이냐 이미 포기했음,1
문재앙은 돼지 하수인 저런 인간이 대통령,0
쫌닦치고 조용히살라!!,1
철수야 그냥 가만히 있어라가만히있기 싫으면 뛰어라,1
철수 이인간 그렇게 안봤는데 이상한 소리 자꾸하네. 말도 안되는 허튼소리 그만좀 하고 자중하는 길이 너에게 도움이 될 것이다.,1
대통령까지 인재는 아니라고본다. 아바타 수듄,1
옛날 자한당이 하던 얘긴데... 가고싶나보다,1
안철수 화이팅! 주호영 .김종인. 문재인보다 열배는 낫다 .안철수의 속시원한 소리에 문재인의 속시원한 대답을 기다린다.,1
북한이 먼저다..국민은 꺼지삼,1
문빠들 많이 긴장했네,0
지가 뭐라고 분통 터지노??? 니 존재자체가 더 분통터질거 같은데;;,1
안철수 이명박 아바타답게 처음에 언론플레이 오지게 했지. 진보인 척 가장했던 보수 정체 안 들킬 줄 알았냐? 니 와이프와 너 삶 전체가 술수와 거짓. 1+1 특혜 ㅋㅋㅋㅋㅋ,1
서울시장까지만 생각해본다,0
정치 지도자는 평화통일에 대한 굳은 의지와비젼을 제시해야한다. 이러한 이상과꿈 그리고 목표 없이 한반도에서 정치하겠다는 사람은 포기하는 것이 우리 민족의 미래를 위하여 좋을 것이다.,1
ㅇㅇㅇㅇㅇㅇㅇㅇㅇㅇㅇㅇㅇㅇㅇㅇㅇㅇㅇㅇㅇ업ㅂㅂㅂㅂㅂㅂㅂㅂㅂㅂㅂㅂㅂㅂㅂㅂㅂㅂㅂㅂㅂㅂㅂㅂㅂㅂ버~~안초딩!오늘 학교 안갑습니콰???,1
철수야! 너는 50%가 넘는 국민들이 지지를 보낼 적에는 무엇을 하고 있다가 현재 3%도 되지 않는 지지율에 대해서는 무능한 자신에게 분통이 터지지 않니? 제발 주제 파악 좀 하거라. 주식도 15%만 하락하면 손절하고 40%가 넘으면 익일 동시호가에 하한가로 자동매각한다. 현재 너의 지지율 정도로 떨어지면 구명조끼 입고 바다에 뛰어들여야 하는 것인데 그냥 조용히 만 있으면 국민들이 잊고 니 명대로 살 수 있는데 왜 천명을 거역하니?,1
개념없는 소대가리라 그냥 김정은한테 충성을보이는거지,1
제발 안철수님 대통령 해주세요 문쭵쭵이 깜방넣는거 잊지말고요,1
"철수야~지금 문대통령님 처럼 국민생각하는 지도자 봤니~??, 너같은 금수저하는 질적으로틀리다~!!, 자네 엄청난 재려카로 알고 있는데..진정 국민을 위한다면 말로 나불거리지 말고 재산에 절반 기탁해라~!!!",1
"정치판의 ""얼치기"" 안철수의 속내.......정치에 중독되어 사장질. 의사질은 몬하겠고, 정치는 계속하고 싶은데 지지기반은 빈약하고.. 그래서 선택한 곳이 국민의짐... 오늘도 철수는 외치고 있다. ""난 원래 니들 편이었어.. 니들과 같은 부류야.. 쫌만 있다가 갈게 대선후보 시켜줄 거지?..다른 애들보다는 내가 낫잖아!..""라고 몸부림을 치고 있는 것이다.",1
안철수.......이번 공무원 사건은 안타깝지만....... 확율적으로 봐도 월북이 거의 확실한 사안이다. 정쟁화 하기 위해백만분의 일도 안되는 실족으로 억지 주장을 하고 있을 뿐. 더구나 실족으로 빠진 사람이 의도적으로 가기도 힘든 곳 까지 갔다는 주장은 더욱 설득력이 없다.,1
비난하기 위해 툭튀어나와 앵앵 거리는거 이제좀 그만할수 없어? 진중권의 쓰레기같은 입까지 빌리더니 학습효과야? 그래서 안초딩 안초딩 하나보다. 에휴 넌 진짜 밑천 다끝났어.,1
문대통령 좀 자리에서 끌어내려줘요~ 경제 말아먹었지 지금 나라빚은 많지 우리나라 사람이 서해안에서 살해당해도 가만 있지 참 ㅋㅋ 저게 대통령인가?,1
오랜만에 맞는 소리하고 있군,0
핵있는 놈들한테 그럼 뭘 어쩌라고 계속 미사일로 쏴대면 이기는건가??,1
맞는 말!,0
안철수 주위에 왜 사람이 없어지는지 알겠어요. 처음에 엄청 팬이었는데 시간이 갈수록 불쌍한 사람이 되어가는군요.,0
전쟁나면 너도죽고 너희들 가족도 다죽고....나도죽고 나의 가족도 다 죽는단다....정신들 차리거라....ㅉㅉㅉ,1
간첩이 대통령인 세상,0
영국과 프랑스는 불명예와 전쟁 사이에서 선택해야 했다. 그들은 불명예를 선택했다. 그리고 그들은 전쟁을 겪을 것이다.윈스턴 처칠. 찰스는 처칠처럼 행동하라,1
안철수 아직도 살아있냐? 주식 재산 띄우려고 한번씩 언론에 나오나.,1
"끊임 없이 남북대화 노력하는 문재인 대통령, 성과가 반드시 나올 것이다.",1
어디 꺼내놔봐-- --제가 명박이 아바탑니까---당신은 그말이 제일 어울려---- 암 --그렇고 말고 --분통은 --여자들 필수품인데 ---영희것 가지고 다닌갸벼--- 그게 터졌어 ?,1
내가 형 진짜 팬이었던거 알지? 형이 대통령되려면 문재인 까지말라고... 문재인이 뭘하든 좋다는애들이 40퍼가 넘는데. 통합? 되겠어? 그리고 쌓인거 많아도 대통령감이면 미래에 대한 비전을 제시해야지 허구헛날 꼬투리잡아서 까는걸론 형 겁나 소인배로 밖에 안보여. 네거티브가 효과가 좋긴한데 대통령감이 저격수질하는거.. 그런대통령 뽑힐거라 생각하면 형도 국민을 개돼지로 보는거. 형은 말싸움도 못하고 그걸 서포트할 일베 보배 같은 벌레집단도 없다 그치? 근데 왜 자꾸 그걸로 승부를 걸어? 할수있는것과 해낸것 형은 해낸사람이잖아,1
나는 너가 정치적인 발언하면 분통터지는데~,1
그래.. 누가 해도 재앙보단 낫겠지...,0
지도자가 이런 말하면 안된다. 문통 당선 1등 공신이 이런 말하면 국민들은 귀를 의심할 수 밖에 없다. 이 부분을 해결할 능력이 없다면 더 이상 정치할 생각을 말라.,1
근데 민주당애들은 지금 문재인편이야? 안철수편이야? 둘 다 알잖아,1
아는게 위안부 징용자 북한 밖에 없어 그러니 이해하소 ㅋㅋ,1
안철수 당신이 대통령 만들어준거야. 그건 아는거냐?,1
종아요3638/안좋아요115...ㅋㅋ,1
전적으로 맞는 말~~,0
맞는 말이다!,0
이 사람도 이제 정치인 티가 나오네. 이때다싶어 똥물 끼얹고 흉보는 더러운 정치인들. 구역질난다.,1
서울시장 깜이 대통령하겠다고 원숭이한테 물려줘서 성시장만든 철수가 분통터진다.,1
철수가 나오면 영희도 지지한다.경제와 외교 살리는 발언봄 해주라,1
안초딩이지만 이번만큼은 맞는말이다. 진짜 배신감 느끼고 존경심이 바닥까지 내려갔음 이번 일로.,1
3638/115,0
중국도 국민 보다 우선이죠.,1
"국민들 왈 ""왜 깐대통령 또 까는 거야"". 안철수왈 ""안깐것만 골라 깐건데..."" 국민들 왈 ""까지말고 공부나해""... 안철수 왈 ""내 이나이에 공부하레"". 국민들왈 ""독일 가서도 마라톤만 했지...공부한 것 있어?"" 공부한 것 있으면 까지만 말고 정책대안을 제시해봐"". 안철수왈 ""내 정책대안은 이미 다 나와있어. 문통 반대로 만 하면 돼"".ㅎㅎㅎㅋㅋㅋ수근수근",1
남한에 불바다 소리를 안하니까 그런 말들일하지!철수는 철이 지났잖아! 당신이 무슨 분통이 터지냐? 다음 대선에 어떻하든 들고나올려는 꼼수지! 지난번에 끝났잖아!,1
울산 화재. 큰 일 날 뻔했는데 침착한 대응이 빛났습니다. 역시 국민이 먼저라는 문통이 생각나는 군요. 짝째짝. 안 그랬으면 또 겁나게 물고 뜯고했을 텐데,1
"종전선언 고집하는 이유는 두 가지다. 1 주한미군의 명분을 없해는 것. 2 임기내의 치적으로 삼아 다음 대선 선전용으로 활용하려는 것. 임기내 어떤 성과도 없고, 모든 곳이 엉망이고 원성뿐이라, 허울뿐인 종전선언이라도 하고 반세기 이상 대결구도를 자기가 끝냈다고 요란하게 선전해 다음 대선에서 민주당이 또 집권하려는 계획임.",1
국민위에 문재앙이 있고 문재앙 위에 김정은이 있다.,1
간잽이는 오늘도 뻘소리 내일도 뻘소리 ㅉㅉ,0
웃기는짜장. 잘하는 대통령 괜히 트집.,1
철새는 짖다가 날세겠네...,1
아...뛸수형~~그냥 뛰어~,1
안철수 차기 대통령 나오면 뽑아준다.....,0
영희가 불러 빨리꺼져,1
"문재인 정권은 사람들에게 공산당 같다, 빨갱이 같다 라는말이 듣고싶지 않다면 그렇게 안하면 된다. 근데 그렇게 안하잖아? 북한을 빨아도 정도껏 빨아야 되는데 이건 마치 북한사람 같다.",1
누가하든 문재인 보다 잘할듯,1
그럴줄 모르고 양보했나?,1
"진짜 이 정권들어서 분통 터지는 일들이 하나,둘 아닙니다.정말 살다살다 이렇게 사리판단 없이 권력 남용하는 이정권 꼴불견입니다.국민들 원성이 무서운건지 목소리 다 틀어막으려 엄청 애쓰는거 북에의해 죽은 아비 구하는데 열정좀 쏟지 진짜 중요한 사안에는 늘 침묵만 하고 있고 북에대한 짝사랑 국민들 원치않고 지금 이나라 경제며 젊은이들 일 차리나 신경쓰세요.인구 줄고 있는 심각성도 깊이 생각좀해보시길",1
닥치고 그냥 또 가방매고 뛰러가라~~~ㅋ,0
그냥 철수하고 가라 지겹다 지겨워,0
당신이 만든 소대가리다 먼양보,1
언제는 저쪽 좋다고 붙어 먹다가... 보는 눈이 그렇게도 없었나 이제라도 좀 잘합시다,1
팩트) 문재인은 사람이 먼저다 라고 했지 국민이 먼저다 라고 한 적이 없다. 잘 보고 뽑았어야지,1
현실은 그래도 대가리 깨진 좀비들이 여전히 40프로나 된다는거 그냥 다 데리고 북으로 가줬으면,1
허울뿐인 껍데기만 대통령..,1
"文대통령 "" 안철수 , MB보다 아바타 먼저…꼴통 터져""",1
이재명 및 문재인 아바타와의 삼파전은 필승지세고 문재인 아바타와의 양자대결도 이긴다. 안철수 파이팅!,0
옳소~~~~,0
안철수 이 사람 황교안 저리가라 라고 밴뎅이 소갈딱지네,1
안철수님 그걸 알면서도 박원순 문재인 두 좌파한테 양보한건가요? ... 똑똑하신분이 왜그러셨죠? 대통령감은 아니다,1
미통당 안철수 어제도 오늘도 열일하네,0
"안철수 할 수 있는게 문통까기... 까다가 심심하면 마라톤하기.....그것도 실증나면 또 문통까기...그러다가 까기대통령으로 출마해서 국민들로부터 쪼인타 까지겠지. 그러면서 "" 왜 나만 까는거야"".....",1
안철수가 이젠 전광훈 부류로 등극했구나? 무엇을 얻으려고? 넌 안돼? 널 지지했던 사람들이 얼마나 창피해 하는지 모르지?,1
국가의 지도자는 나라의 100년 앞을 생각해야 한다 철수야 몇번을 가르치냐 이번 공무원 사건은 안타깝지만 이 사건으로 나라 전체의 운명을 내팽개치지 않아야 한다 철수야 영이랑 놀이라,1
독일통일되듯 통일되면 고첩 북노당 당원 다 알수있다.. 재인아 그리고 그 똘마니들 아마도..,1
레알 북한외교관 문재인임 정은이 실드파워 무한부둥부둥,1
북한 앞잡이보다는 포퓰리스트가 낮다. 북한을 위해 한푼도 쓰지말고 국민들을 위해 돈을 쓰라.,1
어? 철수 아직 한국서 철수않했네? 똥볼 차구 철수한줄알았는데,1
명확한 진실규명이 되어야 되고 재발방지책 또한 마련해야 된다,0
도대체 중년들이 그토록 말하는 대통령감이란게 뭔가? 선동을 잘하고 뻔뻔하며 당당하게 거짓말하고 철면피로 말 잘하는 사람인가? 그래서 문 뽑아 다들 집안은 안녕하십니까?,1
좌파들아 조폭이 네딸을 사랑한다고 말하면 네 딸을 조폭에게 보내줄수 있냐? 사랑한다는 말이 중요한것이 아니라 어떤 인격을 가진 사람이냐가 중요한것이다!!! 좌파들은 멍청해서 이런 사리분별을 할수 있을까?,1
지금도 그 양반은 귀닫고 지 생각만 할뿐,1
그러게요 어디나라대통인가??늘 그게의문예요 항상북한북한 하니 북한대똥인가 싶기도하고ㅠ,1
난 안철수 별로 좋아하지 않는데 .. 안철수 말이 다 맞다 .. 그런데 어쩌냐 ?? 이미 우리 국민들은 문재인이 주는 재난지원금 - 젊은애들은 취업지원금 . 통신비 .. 법인 택시기사들도 지원금등 돈 몇푼에 - 현 정부에대한 비판의식나 투쟁정신이 완전히 사라져 버렀다 .. 문재인이 우리국민들 수준을 잘 알고 이럴 잘 이용 한거지 ㅠ,1
아직 살아있었구나? 걍 연구소나 하지. 뭐하러 정치를 하냐. 뭐하나 바꾸지도 못하면서.,1
네 말 맞다-,0
철수씨 순진하네~ 문죄인씨가 존경하는 인물이 누구요? 김원봉 이 6.25전쟁을 일으킨 김일성이의 꼬붕 아닙니까? 척하면 척이지~,0
대통령의 의무를 이행못하면? 내려와야지,1
주사파애들 이럴줄 몰랐어?,1
이미지가 예전부터 훨씬 뚜렷해 보인다. 대통령선거때 저러고 나오지..ㅜ,1
김정은의 국민을 사랑한다는 말을 믿는자들은 모두 아이큐 테스트 좀 해봐라!!!!,1
김정은이 한테 축하 멧세지 날아가지는 않았나요 보낼만도 한데 북한열병식에서 독보이는것은 수중 핵 탄도미사일 너무 웅장하더라고요 전역에 몇발이면 전쟁 끝나겠다는 생각이 들정도로 어마하던군요 북한이 무서워요,1
간철수가 하는 말은 그냥 걸러라. 백해무익,0
대구가서 의료봉사나 더해주세요. 의료인력이 부족하대요,1
문한테 국민은 북한국민뿐이다.,1
"JCS2, GHEH 야 너희들 왜?? 사니?? 그네 탄핵되고 명빡 교도소 가고 지난 총선 180 석의 대페를 하고 이래도 아직도 모르겠냐??? 드신들아~!!! 너희들 왜?? 사니?? 내가 공감율에 눈 하나 깜빡 할 줄 알았니?? 내가 공감율에 신경 쓸 사람인줄 알았니?? 그렇게도 이해를 하지 못하냐?? 수준이 너무 떨어진다. 너희는 너희대로 살아~! 난 나 대로 산다~~!! 뭐가 문젠데??? 이제 민주주의다 이노들아~! 무얼 알고 씨부려라~!! 다음 대선도 너희들 때문에 또 너희는 필패다 알간?? 너희도 그네 만세 불러라~!",1
문재인이 이 정도 북한 짝사랑이면 친북이 아니라 종북인거다!!!,0
출신이 거기인데 당연한거 아닙니까. 과거 뮐믿고 왜 양보를 해준건가요.이런 출신자중 사악한 것을 뽑은것도 잘못이고.,1
철수야 너는 알약백신 이나 만들어,1
"이 국민학생 새끼가 표를 갉아먹지만 않았으면, 쩝쩝이나 원숭이가 당선될 일도 없었지 ㅉㅉ",0
보수당이 병들면 기존 민주당을 빙자한 좀비들이 득세하고 // 국민을 좀먹고 사는 문친같은 정치가 성행한다,1
안철수가 대통령감은 아니지만...문재인보다는 수천배괜찮지..,1
문재인을 깔려고 하는게 아니라 이게 정상적인 생각아니냐?? 안철수가 머 잘햇네 이게 아니라 당연히 이렇게 생각하는게 맞지...,1
안철수씨 제발 그만 철수 좀 하세요 제발.......,0
분통이 너무 자주 터지는데 이성을 잃지말고 냉철해야지 나중에 한자리 할려면~~ 너무 속보여 코로나로 힘들어 하는 사회적약자들 보다 더 분통 터지냐? 코로나사태에 적극 협조할때 ~~`~,1
또 그 프레임이냐? 정치가라면균형된 시각을 가져야하지 않나?,1
국민들이 문재인 일당들의 선동에 넘어갔었다. 국회의원시절에도 법안 발의는 커녕 잠만 잤던 그분. 역시나다. 드보잡 민변들이 대법관자리 꿰차있고 그저 본인 안위에만 몰두했지 정작 자국민에 대해서는 침묵하고 계신 그분! 당장 끌어내려야한다,1
코로나 방역 때문에 북한이 공무원 총살하고 불태웠다고 발표하고 북한관광 결의안 상정. 북한놀음에 미쳐 제정신이 아닌거지.,1
그걸 아는 사람이 양보해줬었나요? 에혀,1
이명박근혜는 일본먼저,1
누가 문재인 혼좀 내주면.답이 없네요.ㅠㅠ,1
철수씨의 발언은 너무 유치해요. 미래 비젼이 없어요. 정치로는 성공하기 힘들겠다.,0
안철수 처음부터 지지자입니다 항상 옳으신말씀~~,1
재앙이죠..,0
그걸 이제알았나요? 문재인은 한국대통령이아니라 김정은 꼬봉이에요 이 나라를 공산화시켜려고하는미치고광이죠,1
안철수가 대통령 였다면 얼마나 나라가ㅇ발전했을까 안타깝다,1
"어떤것이 대한민국 국민보다 먼저 북한을 챙기나요? 당신 말대로하면 결국 이명박이나 박근혜때 처럼 북한과 아무런 대화도 하지 못할 것이며, 대포쏘고 국민들과 군인들을 죽게 하면서, 긴장완화나 평화을 위한 어떠한 것도 기대할 수 없는 상태가 될 것이다. 그저 현 정부를 디스하면서 반정부 지지자들로부터 관심을 얻고자 하는 모습 참으로 한심하다.",1
난 V3에서 알약으로 바꿨시유,1
맞는 말했구만 정상적인 사람이 많이 나오길,1
그래서. 통자리에있었으면 어쩌겠다고.진실규명하고 모. 쟤들총찬조폭인데.구체적으로얘기해봐.다를거같지않은데.국제사회에 비빌언덕이남다른것도아니고.바른소리해서 치적쌓기외에 모가더있냐.결국 힘을기르는수밖엔없다.,1
인정,0
정답! 북한이 먼저다,0
공인회계사입니다 문재인은 가짜였습니다!안철수가 진짜는 아니더라도 문씨와같은 나라망치는 사기꾼은 아닙니다.,1
"간초딩, 숟가락 좀 얹지마....한심한 인식수준..그냥 방가신문 댓글부대 수준...유행성 수준...",1
재인아 너 퇴임하면 그냥 북한가서 살아라. 내가 매달 짜파구리 한박스씩 보내줄게 .그거 잘 ㅊ먹어라.,1
너 때문에 분통터져 이초딩아,1
언제 북한주민을 먼저생각했냐 헛소리 갈라치기 그만해라,1
당연히 고향이 먼저지 정신적인 고향!,0
철수씨 그냥 그만해....그냥 말장난같고 유치함초등생 같고 로봇같아!!그냥 학자의 길로 돌아오셔요,1
남조선 본부장 문재인,0
조용히 봉사활동이나 하면 이쁘기라도 하지 또 입터네.,0
갈때까지 갔군,1
"분통터진다,,, 너는 아직도 그자리에 있을거냐 !",1
맞는 소리네~~재앙이는 대한만국 대통령이 아니야정은이 똘마니지~/,1
안철수가 정치색을 더해가네. 너무 과하진 말소,1
Poor ChulSoo,0
그냥 조용히 있어라,0
자기 조국 챙기는것이 당연한것 아닌가?,1
본인은 국민먼저 생각하나보져? 본인먼저 돌아보시죠?,1
너 솔직히 사람들이 너 잊을까봐 이러지???? ㅋㅋㅋㅋ,0
온국민이 당신이 다스려주길 원합니다. 통축하여주시옵소서 전하,1
이등싱 또 나오내 재수업개,1
안철수가 맞는 얘기 했네. 남한 대통령이 북한이 먼저인건 말이 안된다,1
대권주자보다는 서울시장이 먼저다 서울시장 검증없이 대권후보자 어림없다 김종인을 제거해서 국민의당으로 들어가서 경선으로 대권주자 되던지 아님 서울시장으로 명성을 드높혀 대권주자로 우뚝서든지 안철수 생각하는게 철없는 아이 초딩같다,1
철수는 왜 정치를 하려는걸까?,1
니 일이나 열심히 하쇼,1
정확히는 북한 정권 먼저죠ㅡ 문재앙은 북한 주민 인권 아닥하고 있으니ㅡ,0
그런 놈들한테 왜 자꾸 양보를 해가지고 나라를 이꼴로 만드셨소?,1
항상 그랬으니 그러려니 하는데...대단한 건 맨날 뒷통수 쳐 맞으면서도 쫄병 노릇 계속 하는 것도 신기하긴 하다..,1
손가락과한글단어수준이왜이레.깊게사색좀해라,1
평생 넌 대통령하지마라.... 까일게 넘나 많다,1
안철수님 항상 응원합니다.차기 대통령 안철수!,1
"문제인은 지 아빠,엄마가 북한사람이고 지도 거의 북한 사람이라고 봐야지 친척들도 다들 북한에 살고문제인은 잘못한게 없다고 본다. 이런 사람을 대통령으로 뽑은 국민이 개돼지고 대가리가 깨진 국민이지",1
철수야 트레킹가자아.. 가을이 이쁘다~,1
김종인은 빨리 안철수 영입해라 이렇게 날카롭고 오금이 저리는 말을 내밷는 사람을 왜 가만 놔두는고 민주당도 벌벌떨게 만든 혁신 전대의 맛을 봐야 이사람이 진짜 대단한 사람이구나하고 느낄거임 김종인은 노욕에 찌든 욕망 걷어두고 안철수를 영입해라 아니면 친박신당에게 뺏긴다,1
그동안 지켜보니 그냥 국민의 힘이랑 똑같네... 차별화하려고 애쓸뿐. 기성정치인의 한계인가. 모 아니면 도,1
어차피 월남한사람. 마음의 고향은 북쪽 아닌가?,1
안철수도 느꼈을걸 좌파가 얼마나 뻔뻔하고 잔인무도한지. 많은 양보뒤에 배신 특히 마지막 손학규는 정점을 찍었지. 나라를 좌우로 나누는게 얼마나 정력낭비냐만 지금 나라는 좌향후로 가는건 확실하다.정면을 볼수있게 중도가 나서야 한다.,1
문정권.. 참담하다.. 이나라..정말 참담하다,1
좌파와 조선족은 사람 취급하는 거 아님.,0
"여기에 시민독재 인민독재를 조장 하는 사람들이 많이 와서 댓글 달았네. 본인들하고 생각이 다르면 논리도 없이 인격모독이나 하고, 발언도 못하게 입다물라하고, 중국 홍위병들 보는것 같다.",1
"청해부대가 아덴만에서 북측 화물선을 소말리아해적에서구해주고 두시간 가까이 더 항로를 동행해주면서 ""같은 동포라 끝까지 지켜주고 싶었다"" 라고 지휘관이 말했다 . 코로나로 우리국민이 조국으로 오는 하늘길이 막혔을때 북한의 도움으로 제3국을 통해 무사히 돌아온 국민도 있다. 남북평화를 가장싫어하는 족속이 왜구이다. 이 토착왜구들아~~ 느그들이 돌아가고픈 시대는 절대 오지않을 것이다.",1
투표잘한분들의 공덕,1
시간지나면 잊혀지겠지하는데 잔펀치에 훅가는것도 모르나보네~~,1
니가 원숭이 밀어줬자나,1
"바보야. 문통 욕한다고 너 지지율 올라가는게 아니잖아. 스스로의 컨텐츠부터 만들고, 뭔가 생산적인 일을 해가면서 문통을 욕해라. 이렇게 욕만 열심히해서 용케 야당유일 대선후보가 된다치자. 네가 누굴 이길수있겠냐.",1
문가 교체선수로 당장 투입하시오!,0
왜 최신순만 볼수 있게 했을까?,1
마라톤 하지 않는 당신을 보니 분통 터지오... 마라톤 할때가 제일 좋아보이오...,1
"집값 정상화는 투기집단에 졌고, 경제는 최저임금 인상에 망했고, 그나마 코로나가 도와 핑계라도 생겼는데.. 북한이라도 좀 성과내보자... 누구생각 같지?",1
찰스씨 그냥 입이나 다물고 기셔,1
안 철수..정신이상 아냐 ??,1
안철수 화이팅해라 열심히 문모닝하고 달리기도 열심히 해서 친박신당 꼭 찍어 대통령감이다 화이팅,1
안철수만큼 진심으로 나라와 국민을 위해 헌신하는 마음으로 정치하는 사람 없습니다,0
북한 열병식과 김정은 연설까지 안방중계되는 세상,1
"암만 대통령이 싫어도 좀 설득력이 있어야죠. 국민 보다 북한을 먼저 챙긴다면 누가 믿어요? 먼저 챙긴 것도 없지만, 다 사연이 있는 겁니다. 으이그~~ 안초딩~",1
세상에 간첩이 어딨냐고 하던 안철수. 밀입국자가 수백만인데 간첩 하나 못들어올까. 니가 그래서 보수표 못얻는거임.,1
유언비어 유포,0
니가 그러니까 깜이 안되는 거야 날씨도 좋은데 달리기나 하셩,1
문재인과 후보단일화 하는 그 순간부터 모든 재앙이 시작되었다.........,1
동감입니다. 댓글에 문재앙 벌레들이 우글 거리네요,0
""" 북한이 먼저다""",1
사람들이 아무리 욕해도 문보단 형이 나아... 응원할게,0
북한동지에게 최소한의 예의를 지키는 것.,1
댓글 작성자들 작성국가 표기에 찬성,1
끝도 없는 막말을 하는거 보니 영혼 없는 안철수한테 꼴통 가정교사가 붙었나 보네 ㅉㅉㅉㅉ 어쩌다가 이렇게 망가졌냐? 다음 대선에서도 떨어지면 이제 정계 은퇴 하셔라..,1
제발.. 그만..,0
ㅋ ㅋ ㅋ 안철수 달리기나 열심히 해라 일본 올림픽 국대로 뽑혀야지?,0
트럼프 대통령 이 last time in Los Angeles Times review might mention 김정은 참수작전 and this will accelerate the Pentagon military specialist teams will join pretty recent attack towards 김정은 to eliminate him right away before china,0
또 화가난 503개돼지,1
"서울시장 양보했는데 양보한 사람의 지지자들에게는 좋은 소리도 못듣고.. 나중에 토사구팽 당하고,, 양보를 해도 사람 봐가면서 고마워 할 줄 아는 사람에게 양보하던가 해라..",1
남과 북이 우리 공무원을 죽였잖아.. 두 독재자들이 사람을 잔인하게 죽이고 방치하고 시신을 불에 태워 죽었는데 서로 핑퐁게임하듯 책임을 안질려고 하네.. 국가는 뭘했습니까? 독재자가 말하기를 조사에 기다려 보자고? 이런 썩을... 세월호사태 학습효과가 있어서 문재인도 책임회피 하기위해 추방부나 해경 또는 장관회의 하면서 실종된 공무원을 월북자로 만들어 책임을 떠넘기는것 같애.. 일종에 알리바이 만들어서 전부 증거조작 했을거라 믿는다..,1
북한 대리인으로 보여집니다,0
철수야. 문대통령 1일1디스로는 김종인이 코방귀도 안뀐다. 내일부터는 1일2디스로 더 노력하길 바란다. ㅋㅋㅋㅋㅋ,0
"넌 이제 너무 멀~어~ㄹ~리 간거같다..... 잘가라 , 다시는 오지마~~~~~~~~~~~",1
북한사람..고향이 북??,1
분통?어쩨 공감이 안가는거는 왜일까?,1
안랩 무료 바이러스 검사 항상 잘 쓰고 있습니다 안철수 만세!,0
미래가 두렵지않은 여당...,1
북한이 좋으면 북한가서 살아야제,1
그나마 답답한 국민가슴을 안철수대표가지적해주니 조금 시원하다.무기력하고 무능한 보수우파 소리는 더이상듣지말고 국민의힘도 결기와 끈질김으로 투쟁해라.,1
그래서 안철수는 소인배이기라 대의를 생각해서 크게봐라. 위대하신 김구선생에 물어봐.,1
언론 인맥이 좋은가 보네요 가끔 이슈 생길때 마다 한마디 하면 기사를 써주니 서울시장 양보할때 이미 정치생명은 끝났다고 봐야,1
"이념의 조국에게는 그저 '황송', 조선이 중국에게 했듯이...",0
진중권. 윤석렬 종류의 배반 쓰레기.....,1
철수 점점 좋아지고 있음,0
초딩비평가,1
좌빨개라도들이 이번 21대총선은 부정선거가 아니라 한다. 부정선거가 아니라면 말로만 아니라고 떠들게 아니라 후딱 재검표 하면 되겠네. 선거법상 국가는 선거무효소송을 제기한 날로부터 180일 이내 재검표하도록 되어있다. 이제 하루 남았다. 국가가 법을 어기면서까지 재검표를 안 하는 이유는 뭔가?,1
맞는 말씀입니다.저는 공산당이 정말 싫어요.,1
이분은... 공감능력이 떨어지는 천재인듯 ...,1
"갈아엎자. 문가와 그 똘마니들. 안철수를 서울시자으로,대통령으로",1
부족하지만 안철수는 사람이기나 하지....아는것도 없고 ...알려고도 않고 ..안다한들 의미없는 어떤 짐슴과는 비교 안됨 !!,1
문재인 분명히 북한에 빚진거 있다... 그러지 않고서야...,0
그래서 왜 뛴거에요?,0
철수의 못된 생각,0
아직도 정신 못차리고 옳고 그름을 분간못하는 천박한 백성들이 있군,1
안철수 대통령,0
국민들은 당신얼굴보는게 더 분통 터집니다.,1
방북 중에 무슨 약점 잡힐 짓을 했나.... 아니면 인척문제....상식적으로 이해가 안되는 친북행보다,1
철수야 철수야 이번에도 대선 나와서떠러지고 미국 가즈아 철새야 철새야,1
크게 보면 다르게 보이지!,0
재앙과 손잡고 자리양보 하던 그 순간의 철수를 잊을수 없다.,1
"●팩트) 한국경제는 선방중: 2019 코로나 이전 경제 성장률 G20내 3위(미국 호주 한국순, 중국인도인니제외) / 2020 경제성장률 oecd 1위 (wb,imf,oecd 공동 예측결과)●",1
암만 그래도 재기는 힘들어보여. 너무 애쓰지마라. 안타깝다.,1
간첩이 어딨냐고 하신분 아닌가? 박원ㅅ이부터 재앙의 시작이었지,1
"철수가 이제 조금 철이 들었네. 꼭 찍어 먹어 보고, 당해 봐야 아나? 안보의식이 해이해지고 종북이 설치게 된 원인 중에 요즘 세상에 간첩이 어디 있어요 라고 한 니 말도 있다. 그것부터 책임을 통감하고 사죄해라.",1
너나잘해라,1
이 나라는 대깨문들이 없어져야 나라가 바로 설듯....,1
"철수야 나는 니가 이전에 요즘에 빨갱이가 어딨냐고 했던 말에 더 분통을 느꼈다, 아직도 그렇게 생각하니?",1
지금시국에 분통안터지는 인간은 간첩들밖에없지.,1
젓 잡고 젓 나 뛰자 철수야~,1
국민보다 북한! 딱 맞네! 북한에게 살해된 사람을 위해서는 말 한마다가 끝이고 국민 죽인 독재자는 영웅 대우 해 칭송하며 계몽군주라고 하는거.... 근데 놀라운건 또 당연하게 생각하는 문빠들이 많아요,1
안철수는 일본이 우선이다 이렇게 얘기하면 철수씨는 어떨까요 ? 안철수 당신도 극우괴물로 바뀌는군요 ㅉㅉ 국개도 뭐도 아닌 분이 자꾸 설치지 마세요,1
지지자 버리고 외국으로잠수탄놈보다는 났지,1
헤어스탈 바꾸셨네요~~~,1
철수야 그냥 자한당으로가렴,1
북한대통령 북한 지령 수행중인듯 국민은 개돼지 내로남불 이게 나라냐,1
제 말이요~~ 국민들 분통 터집니다ㅠㅠ 정권교체가 절실합니다,1
그놈에 분~통 아직 안터졌니? 빨리 터지고 철이나 들기 바란다.,1
무서운 세상..좌팔....언론이 그럴 수 있나.....재앙..수준.....정은 대변인...ㅎㅎㅎ,1
문재인 머릿속 우선순위 : 북한 - 여자 - 조선족 - 3040대깨 - 나머지국민인듯,1
철수형 말이 존나 맞는 말이네,1
넌 대한민국보다 일본이 우선이지?,0
ㅗ,1
도대체 이해가 안된다 어찌하여 북한에게 머리를 조아리는지 정밀 믇고 싶다 김정은이 친동생 처럼 어기고 있다,1
"또, 헛발질..저 통 에들어 가면 저렇게돼나?김문수랑..비숫하게 가네",1
대깨문 조작질 시작되나요~~ㅋ 좋아요 가 압도적인데 악플이 점령했네요.. 다 소용없구요.. 더 강해진 안철수는 지금부터 시작입니다,1
우파들 뭐가 무서워서 침묵하고 눈치만보나?누가 그랬다 행동하지 않는 양심은 악의 펀이라고 이제 움직일때가왔다 언제 까지 저들의 프레임에 갇혀 허우적 될것인가?,1
개돼지국민의 자업자득,1
정치인의 언동이 바람앞의 촛불같이 팔랑거려 그러고 보면 국민들은 옳아 안철수의 지지율이 3%까지 내려간것보면,1
짝짝짝 ~~! 옳소~~~!,0
니 목소리가 제일 분통터져 위엄이라곤 하나도없고 너같은애가 우리나라 대통령되면 다른 나라에서 얼마나 놀려댈까,1
2013년 그네 때는 우리 군이 월북자 총으로 쏴 죽이고 영웅됨. 뭐가 문제인가요? 우리 군이 쏴 죽이면 오케이?,0
"고든창이 문재앙이를 간첩이라고 하지않았나요.안철수,홍준표 이 두 사람중에 한 사람을 대통령으로 만들어야 이나라가 바로선다.문재앙이 보세요.이게 나라입니까! 내 눈엔 양아치들 보다도 더 더러운 패거리들이라고 봅니다.",1
토크콘서트하시던 그때가 그립습니다. 당신의 지금을 그때의 당신이 본다면 어떤 마음이 들까요?아무리 정치꾼이라지만 짧은시간 너무 많이 변한것은 무엇때문일까요?그러지 않아야할 사람이 알면서 모른척 던지는 이런 정치 언어는 정말 역겹습니다. 적어도 당신은 이러면 안되지요.,1
정치를 안할때부터 오직 국민들에게 어떻게 하면 도움이 될까만 생각하며 살아온 사람이 안철수다. 대통령감은 세종대왕처럼 애민정신이 앞서야한다. 그래야 국민들을 위한 정치를 하고 전문가를 배치함으로 모든 부분에서 최대한의 실적을 내기위해 노력할거다. 난 안철수 지지율이 낮아도 안철수를 찍었다. 하지만 이젠 다른 사람이라도 빨갱이만 이길수 있다면 그 누가 됐더라도 찍어야할것같다. 최선이 아니면 차선을 선택해야하니까. 최선이 싫다고 최악을 선택한 많은 국민들때문에 문재인이라는 악몽이 남한에 생겨났다,1
문재앙이도 싫지만 혀짧은 소리 내는 너는 더 싫다.,1
안철수 는 그릇이 아니야. 오세훈 원희룡이 낫다,1
평화 평화 평화!!!그게 진짜 우리나라 국민을 위한 길임,1
그것을 이제서야 안 당신도 참 황당하네...,1
공인회계사입니다. 경제국방미세먼지우한폐렴 4가지 해결이 중합니다. 소득주도성장을 폐지하고이병태교수를 기용하여 경제를 친기업위주로 최저임금중단하고 고용증가에 매진해야합니다. 코드가아닌 진정한 경쟁을 통해 군지도자를 뽑아야합니다. 일단 군통수권자인 문씨를 즉시 내쳐야합니다. 미일대만인도와 유럽등 전세계와 연대하여 중국 미세먼지 우한폐렴 에대해 중국경제폐쇄등으로 처절하게 처벌해야합니다. 그과정에서 유사시에 북한과 중국을 타격하고 점령해야합니다. 미국과 그전에 김정은 시진핑 참수작전과 북중지도자들에대한 위협을 다각적으로 가해야합니다!,1
뛰어 철수야~,0
대체 문재앙은 뭐가무서워서 안철수 상대로 90만댓글조작을 했을까,1
당신이 그런말할 뭐가 되나?,1
정치만 안했으면 훌륭한 사람으로 길이길이 남았을텐데어쩌다 정치병 걸려서 욕먹고 존경하던 사람들마저 실망하며 등돌리고 당신을보면 불쌍해,1
"""안철수, 국민보다 마라톤이 먼저...분통 터져""",1
그입 제발 다물라.,1
안철수대표님 응원해요. 꼭 힘을 내셔서 국민들을 위한 정치와 경제 발전에 힘써주세요.,1
좌표 찍었네..,0
식물 대통령에게 뭘 바라겠나? 그 어떤 기대감도 없으니 언론에 면상 내밀지 말고 조용히 임기 채우고 나가라. 퇴임 후 농사를 짓든 감옥을 가든 관심도 없다. 차기 대통령이 누가 되든 책임을 묻기 전에 희생자와 그 가족의 명예를 회복시켜 주는데 힘써 주었으면 좋겠다.,1
문재인의 대선구호 사람이 먼저다는 북한이 먼저다 였습니다. 우리 모두 속았습니다.,1
"분통터지는 것은 맞는데 안철수씨도 책임이 있다, 사람 볼줄 모르고 양보할 사람에 양보를 해야지. 안철수가 양보한 인간들이 국익과 국민에 해만 끼치고 있잖아, 대통령 되려면 세가 있어야하는데 현실 정치를 너무 몰라.바꾸고 싶고 개혁하려면 정권부터 잡고 하삼, 헬조선에는 마크롱이 안나옴? 지역주의 가득이라 마크롱이 나올수가 없다, 본인의 미숙, 스피치 학원이라도 쉬는 동안 다녔는지,뭘하려는지 모르는 안철수씨 정치. 지지율이 안오르는 것을 반성부터 해야한다.",1
ㅋ ㅋ 큰그림 그려라 철수씨 국민생각 그리해서 세월호때 침묵했나,1
당신 얼굴이 더 분통 터져 뭐하는 인간이야,0
국민이름앞세워 국민열받게하는 묘한재주가있는놈이내 야철수야 제발니꼬라지 안보게좀하자,1
ㅍㅎㅎㅎㅎ당신은 당신만 있으면서~,1
에휴 실망입니다~~~,1
칠수야 재앙이가 북먼저 생각하는 것은 다 어마이 때문이야 알긴 하냐?ㅋㅋㅋㅋ,1
기자양반 기사내려주쇼 사끄러워서 못살것네,1
현정권은 국민을 위해 통일을 하려는게 아니라 통일을 위해 국민을 이용하는거 같다. 아이러니한것은 국민의 70프로 이상은 통일을 반대하고 있다는 것이다. 대통령은 국민의 뜻을 수렴하여 집행하는 자리이다. 지금처럼 모든것을 본인만의 신념으로 밀어부치는 것은 대통령이 아니라 왕이다. 현재 대한민국은 왕의 정치가 이뤄지고 있는 나라이다. 왕이 제일 잘못한 사람이지만 그런사람을 왕이되도록 만든 국민의 잘못도 크다. 모두 반성해라.,1
너도 똑같은 놈이야,0
누굴탓하겠나 멍청한 국민들이 밀어주는데,1
"새 정치를 기치로 내걸고 등장했던 당신도 결국, 네거티브 비방에, 북한 문제 걸고 넘어지는 구태 정치에 함몰되네. 똑똑한 당신마저 별 수 없는 걸 보면, 그쪽 국민 수준이 딱 거기라서겠지. 그렇다면 진중권, 서민 이런 사람들도 결국 그렇게 되겠네.",1
찰스 철수 초딩 분통터져서 안보이면 좋을시구~~~,1
안철수 눈썹문신했나???,1
더불어 좀 그만 찍자 이기 사람사는거가 짐승사는거가,1
그인간은 우리 대통령 아니고 김정은 졸개입니다,1
니가더분통터져ㅋㅋㅋㅋ,1
대깨들 지령받았냐? 게시판이 왜 이래?,1
박원순 문재앙같은 애들만 골라서 뒷빨해준 희대의 멍신,1
주사파들이 자유대한민국을 집어삼키기 직전이다.김정은이 한마디하면 정규방송도 중지하고 속보로 내보내는데 뭐..,1
내눈엔 문프가 이완용이보다 더한 인간이다,1
"작은걸 취하려다 큰걸 잃고, 여지껏 실체도 없는 새정치만 부르짓다 안먹히니 대안없는 험한 말 섞어가며 비난만..차기 지도자라면 비전를 보여줘야 할텐데 정치한지 10년동안 뭔가를 보여준건 없다..일베 극우들이 국민의 짐에 인재가 없으니 하다하다 안철수를 빨아준네",1
찰스 미국으로 또 안가냐?,0
"이정권들어 국민,국민 외치던데 알고보니 지지층(친문,친문네티즌,문빠 등),북한인민 이었다 그렇치 않고는 서민들 이렇게 괴롭힐 수가 없다///자영업자 몰락하고,부동산 가격폭등,전월세 폭등은 누구 탓인가?",1
나는 너 때문에 분통 터져 .. 저리 좀 가,0
이런놈들인줄모르고 밀어주고한거냐 ㅎㅎ 모지리,1
그나마 잘하는건 쇼...이젠 북쇼도 보여주네,1
당신도 한때는 한패거리였잖아 ㅎㅎㅎ,1
"요즘 세상에 빨개이 없다며? 철수야, 저런소리 할려면 사과부터 하고나서 하는게 순서가 아닐까?",1
가만히 계세요!!!,0
너볼때마다 분통터져,1
우리 나라가 여기 한 줌도 안되는 대깨들한테 언제부터 선전선동 분탕질 놀아나는 대한민국이 되었나?북한 선전 방송 김정은 열병식을 북한 정규 방송 처럼 내보네질 않나 참 우려스럽다 이제 나라를 걱정하는 침묵하는 다수의 우국 충정들이 나서야 할때가 된것같다,1
철수보면 분통터져... 김종인 비대위원장도 얼마나 분통터지면맨날 안철수 아니라고 선 긋는중...,1
철수는 맨난 흠집내기에 급급하구나,1
역시 안씨는 초딩 수준입니다.,0
"논리는간데없고 말작난 쏟아내며 정치판의 입지찾아 헤매는 저질스런 정객들의 면면을 보면서, 한심하단 생각이 들면서도 다른 한편 측은하단 마음도 있다. 힐난만할게 아니라 안철수 금태섭 진중권 김경울 서민 권경애 같은 이들의 처지도 이해할 필요가 있다고 본다. 민주 진보측에서 이미 신뢰와 입지를 상실한 마당에, 국힘당과 그추종자들 보다 한층더 자극적인 궤변과 요설을 쏟아내야만, 포기하지 못할 정치계에서 미몽과 발언권을 움켜쥘수 있을거라는 절박감 때문 아니겠는가? 변절과 요설이 강연재 이언주 조경태 김경재 등등만의 전유물은 아니잖은가 ~",1
촛불 민중의 힘으로 그자리앉혀줬더니 이제 국민이 다시 목소리를 내려고하니 집회를금지 이것만봐도 답나왔음 우리나라국민이 북한의총에 맞고 불태위졌는데도 월북프레임으로넘어가려는 비상식적인태도에도 아무렇지도않다는건 우리나라사람아니다,1
저 철수보면 내 속이 탄다. 타..... 니나 잘하지 왜 그렇게 문대통령 못까서 난리니?? 그리고 당신 조만간에 짐당 들어갈려고 하는거 아니야?,1
너는 정치를 왜하냐?,1
철수니도 별수없네. 북한장사나 하고 안타깝다. 국민들은 더이상 너를. 새로운 정치인이라 생각안한다,1
난 당신보면 분통터진다,0
철수는 정치 하는 사람인가 ?야는 가끔 뜬구름 잡는 얘기를 한다니까 ?,1
기자시엑기느은 할일없으면 따아알이나 츠어라아,1
알바 한다고 고생들 많으심,1
"뭘 당연한 것 가지고 세삼스럽게 목청을 높이시네. 달님에게 어버이 수령님은 하늘 같은 분이신데, 그만 둘 수 있나? 남한의 돈과 물자가 암암리에 몽땅 올라가고 있을 것.",1
넌 국민보다 마라톤이잖아?? ㅋㅋㅋㅋㅋ,0
과거에 실수 있음 반성하고 진보하면 되는거야~ 지 스타일 좋은지 아닌지 모르고 고수하는 사람이 이상한거지~ 항상 업데이트 하세요~ 완벽한 사람은 없답니다~ 화이팅~ 정체되면 모든게 썩어요~,0
궁민의 반은 어차피 공산주의를 원하고 김정은을 수령으로 생각하고 있다 그들은 나머지 반을 노비로 만들어 조선시대로 돌아가기를 고대하고있다,1
문씨랑 같이 은퇴해라~ 왜 또 기어나오니~ 꼴베기싫타,1
문재인 북한 감싸는동안 ICBM 완성됐네.책임져라,1
진짜 분통터집니다.... ㅡ.ㅡ,0
달리기만 쳐한녀석이 할말이냐?,1
이제야/깨달았구만//그런데/늦은것같다///적화의 고지를/넘어선것같으니,1
좋아요 가 절대적으로 많은데 댓글엔 비난이 많다는건 댓글 알바들 ?,1
"촛부시위하고, 문씨 당선되게 도와준 주제에.... 쑈 한다. 서울시장도 박씨 한테 양보한 주제에...",1
세상이 변했는데도 아직도 북한타령하는 한심한것들.. 정신세계가 아직도 30~40년전에 머물러 있으니 니네가 국민의 짐인거다..,1
"어차피 저런 논리가 국민이 설득될 말이라면 인기를 얻을 것이고, 대선에서 선택 받으면 된다... 그건 정치인 본인이 노력해야 할일이다... 분노역시 일종의 감성 팔이다... 아주 인류 역사에 잘통하는 감성팔이.... 분노로 결정을 내리는 것만큼 오판을 하기 쉬운것은 없다...",1
이번에는 죽자살자하고 통합을 해야한다. 아직나이도 있는데 성급하게 하지마라 .간보다가 통내주고 간보다가 서울시장 내줬자나. 이젠 세번째 마지막이다,1
안철수대표님...대한민국과 대한민국국민을위해 이번엔꼭큰일을하실거라믿겠습니다.♡화이팅하세요.,1
그러게 왜 촛불을 들었니? 쓰레기차라고 보내놓고 똥차부른게 당신이잖소,1
"안철수, 대안보다 비난 먼저... 분통터져",0
대깨moon들 지령받고 몰려온다ㅋㅋㅋㅋㅋㅋㅋ,1
아무당이나 합당하는 사람이 할말은 아니지. 집안 단속이나 먼저 하시고...,1
짱,0
"""사람이 먼저다"" 어디로 갔는가???....또 평등?, 공정?, 정의?는 언제 살아 날까???....??? .........???",1
대통령은 이 사람이 됐어야 했다.,0
너 라면 어쨌을 건가? 묻는 답에 대답해 줄래? 싫다~ 자신만 아는 너 자신을 좀 알아라~~ 👊👊👊,0
또 부러운가보네,1
",아직두 주식 해먹을께 남았니",1
지 애해관계에 맞아서 합당했어놓구이젠 어려우니 뻘겅이팔이ᆢ정치는 뭐하러 시작해가지고는ᆢ,1
그래서?,0
미안하지만 안철수는 인터넷에서만 대통령이다...,0
그래서. 전쟁이라도 하자고?,0
"철수님 예언이 다 맞았어요 우리는 촛불에, 가짜정의에, 드루킹에 그리고 조작선거에 완전 사기 당했어요. 지지합니다 당신을",1
초딩~국민보다 대권먼저~반장되고 싶퍼요!,1
세월호와 함께 바다에 수장된 인명만큼 북측의 총구에 사살되면 그 때 방향전환 하지 않을까요.?,1
그러게요 댓글 쓰는거 보면 아직 대한민국 더망해야 정신차릴듯 지금망해가고 있는거모르나 아마 피누물 흘릴날이 다욱많아질듯 그래도 골수놈들은 모를든 기다리시오 시간이 당신들을 더을파팍하게만들것 그땐 북으로 가시오 제발 한국에 살지말고,1
안철수는 인간적이고 천재이다,0
"굉장히 1차원적인 사고 방식이다.. 대통령은 모든 관점에서 세상을 봐야한다.... 북한이라는 존재는 남한의 안보적 위협이다... 국민을 지키기 위해서는 무조건 상대와 건건히 부딪치는 것이 아니라, 어떻게 평화와 국가적 안정을 도모할 것인지 고민해야 한다.. 박정권때도 남북관계 개선은 북한에 대한 강한 대응과 함께 항상 투트랙으로 전개한다는게 당시 정부의 발표였다... 지금도 다를게 없고...",1
근데 왜 저런놈이랑 합당하셨어요?왜 성추행범한테 표 몰아줬어요??그땐 몰랏어요?,1
철수야 고마해,1
요즘 세상에 빨갱이가 어딨냐던 놈이 할말은 아니지 않니?,1
안철수 어쩌다 이렇게 되었지. 정치에 들어오지 않았다면 정말 존경받는 인물이 되었을텐데. 사람이 이렇게 되는구나.,0
"맞는 말이다,,, 문재인보다 안철수가 훨씬 낫다,, 안철수가 왜 저런 인간한테 양보해가지고는,, 정말 그때로 시간을 되돌렸으면 정말 안타깝다",1
철수 형은 이제 정계에서 철수할 때가 된 것 같아요. 철수 부탁드려요.,0
■■난 당신이 뉴스에 나올때마다 분통이 터지는데...,1
안철수를 차기 대통령으로~~~~,0
통신지 2만원 주소~ 철수하고 호영때문에 못 벋앗다,1
니 면상 보면 분통터진다,1
"홍시 떨어지길 기대하며, 남 탓만 하지 말고 일을 좀 하시지. 원참.",1
"마라톤이 어울렸는데 , , ,",0
안철수씨 나는 당신 보면 분통이 터진다..에라이,1
원래 뿌리가 이북사람인데 그럼 어쩌겠어...이북에 가까운 친척들도 많다고 하고...그런 하자있는 인간을 뽑아 놓고 아몰랑 지지하는 것들이 문제지,1
문재앙 열병식 참석했나 확인 바람 서열 3000번은 열병식 참석 안되나?,1
분통터지고 분노하고 경악하는게 맞는데 이놈들은 가족이이런상황이 발어져도 지금과 똑같을까 국민들 옥숨은 안중에도 없고 북한바라기가 하늘을찌느니 미래른 안봐도 번한듯 가히 위헝한 힌국,1
아직도 이사람은 집에 안가고 뭐하나?,1
과거 민주당식.문재인식으로 현정권을 풀어보면 공정.공평.투명 합니까? 투명하지 않습니까? 그렇다에 공감.그렇지 않다에 비공감.,1
그나마 기생충 질병에 걸린 대한문국을 제대로 진단할 줄 아는 대한민국 국민 중의 한사람이라고 본다. 대통령 함해서 백신으로 대한민국 기생충 놈들 싸그리 박멸했으면 좋겠다.,1
헐 댓글들보소. 이렇게 바른말에도 재앙이편드는 애들이 이리도 많다니. 세상은 참말로 놀라워. 미꾸라지가 개천을 흙탕물로 바꾸네.,1
난 너한테 분통터져 니가 문재인을 대통령 만들어 준 거 잖아.....그리고 다음대선에 또 국민의당으로 기어나와서 우파표 갈라먹을 거잖아,1
안철수가 아니라 문제인이 이상한 놈이었어,0
이 세상 바보는 잊혀질만 하면 툭 기나와서 사람들 웃기고 들가네 허ㅋ,1
이러다가 홍콩꼴 될지도 모른다. 자신들이 선출한 권력에 의해서 자유를 박탈당한 홍콩.,1
분명히 안철수도 정상은 아닌데 문재인은 사람^ㅐ끼가 아닌게 문제지,1
"마이동풍! 삶은 소대가리가에 귀청 터져라 해봐야 뭘알겠수? 안선생. 그러개 정치시작할때 우냐 좌냐 확실한 스탯을 보이고 시작했어야죠, 중도란 표때문에 이도저도 아닌 눈치보기로 정치입문 했으니 비싼 수업료내고 사신거외다. 이제는 확실히 노선 정하고 마지막기회 잘 해보슈.",1
공감 합니다 국민보다 북이 먼져~~~~,1
철수오빠 정신좀 차려서울시장을 만든분이 사리판단을 좀하시오아직도 국민의 눈높이를 못맞추시네,1
간첩문재인 종북민주당 경애하는 김정은동지품에 살게 보내버리자,1
나는 우리나라가 이렇게나 탄탄하고 잘사는나란줄 이번정권들어 처음 알았다. 3년7개월동안 나라를 이렇게나 개판으로 만들어났는데도 아직 버티는거보면 참 대단한 나라라는걸 느낀다. 하지만 정말 다음에 정권교체 못하면 대한민국 침몰할수도 있다.,1
안철수 너는 정말 안되겠다. 대통령이 당연히 국민이 먼저지 북한이 먼저겠냐? 말이 되는 소리를 해라. 억지도 정도것 부려야지. 아무리 돌머리라도 니말에 공감사겠냐ᆢ,1
저게 대통령하려던자의 의식이라니 ㅉㅉ,1
"화가 날망정 분통까지 터질 정도라니, 너무 오버....",1
괜찮습니다정권 반드시 교체해서 문재인.김연철.송영무.정경두.이인영. 교도소로 쳐보내면 됩니다 법조계에서 지금 단디 벼르고 있을겁니다~~~~~////~~~~~///////,1
안뛸수 답답하다,1
철수행님 정치적 의지나 신념은 알겠는데 세상에 안되는 일도 있습니다 철수,1
다음포털 댓글판은 북한인민들이 점령한듯..자국민 죽었는데 죽인놈을 편들고 찬양하는 댓글이 넘쳐나더라.따봉부대가 좌표찍고 몰려들어서 그런지 먹통이되기도 함.,1
찰스 김종인에게도 인정 못받고 어쩌냐,1
철수형ㄸㅐ메 내가분통터져,1
안철수가 함량미달인 이유. 대안도 없고 전략도 없이 무조건 비방만 한다. 최애곡도 박상철 의 무조건 이겟지?,1
예는 아직도 정치한다고 나오네 그냥 마라톤으로 미국가라,1
쳘수는 좀 다를까봐?그밥에 그나물이야.,1
Tv조선 인생다큐 마이 웨이에도 출연 했더라구,1
.. 그냥 민주당에 있었으면 좋앟을걸.,1
박원순 문재인을 자리에 앉힌 사람이 할 말은 아니지 어리석으면 나라가 망한다 본인부터 현명해져라 이제와서 속았다고 분통이 터진다고 우리도 너한테 속았다,1
안어벙이가 대통령을 모함하면 대통령 깜냥이 안된다~ 아직도 모르겠냐?,1
"국민의힘, 안철수, 홍준표, 유승민 기타 등등 비평은 기가 막히게 잘 하는데... 구체적으로 어떻게 하자는 내용이 없음. 정책 대안이 없으니 공개 토론도 안나오는 듯ㅎㅎ",1
"문재인 경제 다 망쳐놓고, 오로지 북한.... 국민이 피격당하고 시신까지 불에 태운 북한 칭송...... 국민들은 통일 같은거 원하지 않습니다.",1
아닥하고 마라톤이나 뛰어랏!!!,1
문죄인의 국민은 북한 주민. 정은이도 인민을 생각하며 눈물을 보이는데 죄인이는 국민을 위해 한번이라도 눈물이 아니라 진정으로 고민한 적이라도 있는지,1
뭘 분통이 터져? 북한사람이 북한을 우선시하는건 당연한거 아니냐? 아직까지 문씨국적이 어딘지 해깔리니?,1
"응, 너는 정치보다 치료 먼저. 입은 아닥 플리즈~",1
동감한다 철수야 근데 넌 왜 저 정신병자한테 양보한거냐? 왜 그땐 저 영감의 정신상태를 못알아봤냐고? 니 죄가 크다 철수야,1
뭐가 그리 분통 터지노 국민에게도 북한에도 대응 잘하는데 뭐가 문제노 청개구리 심포다,1
안철수도 그런말 하는게 아니다 빨갱이 문재인같은 괴물을 만들어준게 자신이니까.,1
개 토착왜구 모자른 것들 그렇게 생각하겠지 ㅋㅋㅋㅋㅋㅋㅋㅋㅋㅋㅋㅋㅋㅋㅋㅋㅋㅋㅋㅋㅋㅋㅋㅋㅋㅋㅋㅋㅋㅋㅋㅋㅋㅋㅋㅋㅋ 참 한심하다,1
이 인간이 사드배치 반대하고 김대중 정신 계승하겠다고 나팔불고 다녔었지. 그러다 호남표 떨어지니 김대중 정신 계승은 개뿔이고.,1
정치하겠다는 놈이 이정도로 분통터지면 뻑하면 전쟁하겠네. 큰 정치를 하려면 맘 다스리는 법을 먼저 배우거라 철수야! 국가 지도자가 뻑하면 분통터지면 국민을 상대로 보복 정치를 하게된다.,1
분통터진 늠이 아직 멀쩡하군,0
ㅋㅋㅋㅋ 이제 좀 알겠나 지난번에 뭐라그랬지?? '요즘세상에 간첩이 어디있습니까??' 지금 언론 행정 사법 입법 어디 한구석도 빨간색이 아닌곳이 없다. 언론은 민노총 행정은 뭉가 사법은 애미추 입법은 더듬어만지자성범죄당,1
문재인은 김정은이 빨 궁리만 하지 말고 안철수대표의 물음에 답하라.,1
적성에 안맞는 정치하느라 정계의 영구가 된 철수가 입은 달렸다고 매일 떠들어 대는구나,1
개돼지들이 망각을 많이 하는데 2012 대선에 왜 쩝쩝이 한테 양보해서 이꼴이 나게 하냐고 그러는데 빨갱이들의 사상을 잘 몰라서 그래 그때 찰스하고 쩝쩝이 단일화 안한다고 대깨문 하나가 자살했잖냐 꼴에 민주화 들먹이면서 자살했는데 그게 찰스한테는 엄청난 압박으로 다가온거지 쩝쩝이 일당은 목적을 위해서는 수단방법 절대 안가린다,1
세모씨~~~ 당신이 한번 해바라~~~~~~~~~~~~그게 쉬울꺼 같냐????막상 시켜보면 아무것도 할수 없을꺼다~~~~나라 전체를 보고 떠들어라 ㅋ,1
철수야~정치권에서 철수하심이~~,1
이 사람은 왜자꾸 취재를 하는 거지? ㅋㅋ 이제 약빨도 다 떨어졌는데 ㅋㅋㅋ 초딩철수,1
달님은 영창으로가 구호가 아닌 현실이 되어야 하는 가장 직접적인 이유....실핏줄 같은 거도 이 사건으로 날려버린 달....국민을 사살하는걸 구경만 국가가 국가존엄 모독.......아나 떡이다...달님의 영창으로가 국가 존엄 모독이라면 국민의 생명을 방치한 국가를 상대로 이번엔 국민이 소송을 해야 할 때...,1
철수야 초등학교 좀 다시 다녀와라~,0
"문통은 북한애가 극심하고 본인의 생각이 왜 국민들이 엄청난 침해를 당해야 하는지 모르겠다, 탈원전으로 수조원 가량 날려먹고. 그외 무능한 관료 인사로 여러 정책 내어 말아먹고. 안되면 수정하든가, 물어보든가, 완전 현장을 모르고 친여시민단체 혹은 캠코드 인사하니 망한 정권의 인사를 재탕해 쓰니 뭐, 배신은 안해도 무능한것은 불변, 친문 국개는 거수기로 전락,공산당화 되어 왕짜증난다,",1
"운동권 출신들에 놀아나는 꼭두각시 문재인, 북한에 무슨 꼬투리가 잡혔는지 하는 짓은 북한 앞잡이 딱 그 수준, 대통령이야 아님 북한 따까리냐",1
가! 좀.제발~미통당으로 가든 미쿡으로 가든~~.,1
근시안적인 너의 수준이 정치 수준이다북한이 좋아서 그렇다고 생각사겠지 남북이 경협했을때 큰 그림을 보지못하니 넌 그자리 이상 가면 안돼,1
지지합니다.,0
어머니와 외가쪽 모두 북한 사람이라서 북한 좋아하는건 알겠는데 해도 너무하잖아. 북한은 우리의 주적이야. 예전에 토론할때 유승민이 문재인한테 북한이 우리의 주적 맞냐 안맞냐 물으니 머리 열심히 굴리면서도 동공지진 왔던거 생각하면 웃음밖에 안나. 뼛속까지 빨갱이인거 알고 대놓고 물어보니 당황해 하던거.,1
"----------------------- 안철수가 대통령되라. 문재인이는 "" 주식양도세 3억 대주주 "" .. 이거 안된다. 1,000만 주식 개미들이 절대 ..................... 이낙연이 안 뽑는다. 문재인 라인들은 절대 안뽑는다. 주식양도세 폐지하는 대통령 뽑을거다.",1
이래서 배운사람이 아니 최소한의 지식이 있는 사람이 수장이 되야합니다 무지랭이가 할줄아는게 없으니 나라꼬라지가 이모양 이꼴이죠,1
"국민의힘이 당명을 바꾸고 얼마 안되 짖중권과 안철수가 연합하는 거 보니, 국민의힘과 국민의당 당명도 비슷하고 뭔가 꼼수가 보이네.. 안철수가 저런 사람 아닌데 급전환 된거 보니 합당의 의심이 들어... 쯧쯧... 만약 합치는 순간 안철수는 정말 많은 것을 잃을 텐데... 한때 존경했던 사람인데.... 어찌하나...",1
대한민국이 이렇게된데는 안철수님대표도 한몫했다고 생각 함니다 처음에 대통령 나와서 문재인이랑 둘이가 들어가서 먼말씀을 했는지 모러지만 일단 문재인 한테 대통령 양보해서 이렇게 된거 아니에요 처음부터 안절수 대표도 나도끝까지 대통령 나간다 이렇게같이나왔어면 지금대통령누가 하고있는지 모름니다 안철수대표가하던 아니면 지금 국민당에서 누가하던 일단은 문재인이 한테 대통령 이 넘어가진안았다고 생각함니다 ~~,1
130여곳의 선거구에서 선거무효소송이 진행 중인데 추석연휴에 선관위가 서버 이전을 강행했다. 재판이 끝나고 이전해도 되는데 하필 추석연휴 새벽에 서버를 이전했다. 4.15 총선 재검표가 4개월이 지나도록 이루어지지 않고 있다. 과거 재검표는 늦어도 3개월안에 마쳤다. 선거에 의혹이 있으면 재검표를 해서 의혹을 해소하도록 법에 규정되어 있음에도 불구하고 아직까지 재검표 결정을 하지 않고 있다. [파이낸스투데이 기사] http://www.fntoday.co.kr/news/articleView.html?idxno=234135,1
안철수 너라면 어떻게 할건데대안을 내놓고 씹던지 툭하면씹어요 유치원애들도 안하는것을부끄러운줄 알아라,1
니가 지지율이 왜 그모양이지?,1
벌레는 유익한 벌레도 있지만 달벌레는 문생충 조생충 추생충 향생충 경생충 전부다 해악한 해충입니다...보이는대로 밟아 직이야 합니다,1
이번 정권은 다를줄알았는데 .. .. 더하네...진짜 최악을 있는대로 다 보여주려고하네...,1
이제 그만 철수하지우린 철수를 버럿어 ㅋ호남에서,1
수년전부터 분통터졋다오 시장양보 대선양보 철수씨 감각적으로 꿈뜨고 늦어요,1
분합니딘,1
아직 세금을 더 맞아봐야 정신차리지~~문빠들아~~,1
이명박아바타라고 뒤집어 씌우더니 지는 김정은아바타였네,1
개정일의 대변인 아직도 의심하고 있는가,0
엄지척입니다,0
"이정부 한것이 뭐가 있어? 북한에 용을 써봤자 , 헛 수고, 국민은 안중에도 없자나?",1
철수 너도 확실히 보수노선으로 갔어?~ 김종인한데 속았어~쯧쯧 ~,1
"정은이 먼저, 내자식 먼저, 더불당 먼저... 국민은 세금으로 피빨아먹고",1
이번 정권은 다를줄 알았다. 근데 똑같다. 이제 철수가 나서서 바꿔줘라.,1
북한편 문제인 국민편 안철수. 대한민국 국민들이여 이제 쇼에 가짜에 속지말고 진짜를 보자!! 대한민국 국민이 억울하게 총살에 화형당했는데도 열병식 통생중계 하는 대한민국이 정상적인건가???,1
정부가 불리하면 토론회 안한다... 정부는 무엇을 했느냐? 답변에 일단 지켜보자? 3인칭 대화법이냐? 너 한테 물었어..,1
서울시장부터 다시시작해서 정치기반이나 다져서 대선도전하시길,1
"맞는 말인데 철수형은 정치는 좀 아니었어,,, 그냥 지원사격만 계속 해줘",1
"전 외국인 관료왈: 대한민국에 태어나지 않아 참 다행이다,문할배를 대통령전에 대화를 했는데 머리속에 북한 밖에 없다더라. 안철수 왈: 고마움도 모르는 인간, (대선양보에 지원유세까지해줬는데).,그리고 국민들이 보는 문통은 분롱 터짐, 무능,무사과, 무책임, 남탓, 이런게 만지당에 만연, 불법을 저질러도 무사과 ,니들도 했잖아,사회주의자 조국의 개변으로 온 만지당원들이 물들음, 현정권은 일단, 문통과 조국이 망치고, 운동권들의 작전\으로 만들어지고 운영되어왔다, 이번 돈관련 게이트에서 썪은 것들은 없어져야 한다,",1
국민보다 북이 먼저. 그다음 자기식구가 제일 먼저 국민들은. 그저. 궐력의충신들로 만들뿐,1
남 까지나말고 넌 어떻게 할껀지 애기나 들어보자,1
여기서부터는 달벌레 스톱이다............절취선...........,1
철새가 어찌 봉황의 생각을 이해 하겠냐 만.........ㅋ 주제 파악 좀 하시고....... 분통 터지면 본인만 손해.,1
안철수 보면 계단에서 도망가는거 자꾸 생각나서 정이안감. 저런 모지리가 무슨 대권을 본다고.. 에혀..,1
나는 니가 나대는게 더 분통터져 으이구,1
김문수에게 조차 발렸으면 이제 은퇴해라.....아니면 논객으로 가던가.....사람들은 당신을 원하지 않소....,1
이재명이보다 더 사이다네. 내가 하고 싶은 말을 속시원히 해주었다. 담대선에선 당신을 찍을수 밖에 없을것 같다. 솔직히 당신도 별로 맘에 들진 않지만 그렇다고 사기꾼 이재명을 찍을것인가 능구렁이 이낙연을 찍을것인가? 그래도 당신은 순수한 맛은 있자나. 요즘 정치에 염증을 느껴 아이같은 순수함으로 돌아가고 싶다.,1
철수야 이제야 정신 차렸냐.이제 철수도 국어책에서 나와서 청화대로 들어가자.문가 꼭 콩밥.영양밥 먹이는거 잊지말고.죄값은 크게 꾸짓고,1
처음부터~~그랬었지,1
역대 이런 문재인같은 쓰레기 대통령은처음이라 나도 당황스럽다.대가리를 분해해서 안에 뭐가 들었는지진심 보고싶다.,1
그래 가지고 무슨 정치 한다고! 좀 크고 넓게 생각ㅈ하시길.,1
"문재인은 종전선언, 유시민은 명예군주, 김정은은 ICBM, 안철수는 문통분통, 선거는 드루킹이, 남편은 요트사라, 조국딸은 부모찬스, 서일병은 엄마찬스, 안풀리면 검찰개혁. 광화문은 재인산성, 나라꼴은 좌파독재.",1
개소리하고 자빠졌네. 니가 잘하는 달리기나 계속해라 . 정치권 기웃거리지 말고.,1
머라니 마니늘엇네ㅐ 생트집,1
안철수가 야당중심대표면 문재인 정말 난감할듯. 또박또박 물어오고 열라 순수한 청년하나가 대통령님! 왜구러셔요? 하면서 계속 추궁해오면 이거 정말 험악한 야당의원 100명보다 더 무서울듯 ^^,1
지금 문재인 심정은 안철수를 고사포로 공개처형 하고 싶을거야,1
국민들 코로나로 꼼짝달싹 못 하게 묶어 놓고 이제는 대놓고 북한 신봉질,0
찰스형~~~형도 맛탱이가 갔구나....,1
"안철수님 무료백신공급도 훌륭하셨고, 국민을 위하는 마음 항상 응원합니다",1
철수야 나는 네넘이 어떤 생각을 하는지 모르겠어....어떤때는 안순이같고....... 어떤때는 철순이 같고..... 어떤때는 곰돌이 같고..... 어떤때는 얼빠진 졸부같고.......... 어떤때는 애숭이같고..... 어떤때는 골빈사람같고....대체 네넘은 누구냐....,1
오죽하면 유앤에 진실 규명을 요구하겠나. 이건 국민이 의지할 곳이 없는 무정부상태나 마찬가지 아니겠나. 안철수대표의 발언이 국민 대다수의 마음이다.,1
야 너 대중이의 햇볕 정책 지지한다고 하지 않았냐?? 너는 끝까지 문재인 대통령님의 평화 정책 지지해야지?? 이제와서 배신하는거냐?? 이 나쁜 놈아!,1
파발마,1
안철수 왜 저렇게 변했지?,0
철수야. 대안은 없는거니 ?? 선거철 슬슬 다가오니 몸이 근질근질하지 ?? 뇌는 비어가지고,0
철수형 대통령 가자!!!!!!!,0
문재인은 나라가 안정되고 경제가 발전하고 국민들이 여유 넘치고 국력이 쌔져서 작은 흠집으로는 스크래치도 안날때. 그때 그래 한번 하고싶은대로 해보세요 라는 생각을 할수 있을때에 어울리는 대통령이다. 지금같은 상황에선 절대 대통령을 해선 안되는 인물이지.,1
첳수씨 요즘시대 토착간첩 많은거 이제 알았지,1
서울시장 양보만 안했어도,0
요즘 시대에 공산당이 어딨냐고?,0
미스안 좀 빠지지 나도 한때는 그대 광펜 이었지 근뎌 토론 하는것 보고 무지 실망!,1
제발 이번에 국민짐당 대표로 대선 출마해라 그러면 다음 대선에 아무나 출마해도 앞도적 승리가 예상된다,1
민족 민족해쌓는데 살인강도 강갓범도 우리 민족이다. 민족이 중요한 것이 아니고 사람 대접을 받을 자격이 있느냐가 문제인거다. 북한같은 학살과 사람을 동물대하는 집단은 우리민족이지만 그에 합당한 대우를 해줘야 한다. 북한 주민이 아니라 김정은 김정일을 돕는 건 살인강도와 똑같은 범죄다. 법적인 기준이 없어서 그렇지 북한 지도자들을 돕는 건 큰 죄악이다.,1
북한에게 죽은 것은 일주일만에 묻힐거라고 했잖어 ㅋㅋㅋㅋㅋㅋㅋㅋㅋㅋㅋ예상을 빗나가지않네,1
문통은 말로 해서 듣는 인간이 아님!자신의 대역죄를 알기에 돌아올수 없는 길로만 가야될 운명임. 내쫓는것만이 유일한 해법임. 안내쫓으면 국가시스템을 모두 자신의 성역으로 만들어 놓을 것임!,1
문가 여적죄로 체포된다. 박근혜대통령 청와대로 복귀한다,1
"칠칠이 찰수, 네가티브 말고는 존재감 제로. 그 짓은 이미 탈락된 자한당 국개들이 하던 짓.",1
사람(북한)이 먼저다 - 문재인,1
배웠다는 양반이 너도 자꾸 헛소리만 해대서 분통 터져죽겠다~ 정신 차려라~,1
찰스야 난 너만보면 분통터져 제발 꺼져줄래,1
철수야~~니가 이러면 안되지!!!ㅉㅉ,1
문어벙이가족이 원래 북한서 월남한 이북사람들이잖아...인간은 겉이야 바뀌는 것 같지만 속은 원래 안바뀌는 법...멋모르고 뽑아 놓은 국민들이 멍청이고...아몰랑 단체로 지지하는 즐라도 것들이 문제지...,1
뭘 그러십니까? 새삼스럽게. 어제 오늘 일도 아닌데?,0
난 문대통령님이 코로나위기속에서 고군분투하시는게 안쓰럽던데...원래 흉년엔 민심이 훈훈하고 풍년엔 민심이좋고 그런것처럼 코로나때문에 전세계가 위기니뭐...,1
무조건 미워 재인이가 그치? 이래야 기사한줄이라도 올라가지. 존재감도 올리고. 난! 너가 미워 하는 꼴이,1
박근혜가 한심한 수준이었다면 문재인은 멍청한 지경이다!,0
국민의힘 갔어 시장하시고 대통령 출마하세요 한표 찍어 드리겠습니다,1
"안철수도 옳고 문재인도 옳다. 이런역할 하는 사람, 저런역할 하는 사람 둘다 필요하다! 그러니 그나마 전쟁이 안 일어나고 있겠지. 그 균형이 깨지는 순간 나라개판 되는거지",1
"문재인이 방송사, 언론을 통해서 북한 공산주의 사상주입으로 국민들을 쇄뇌 시키려 드는게 눈에 훤히 보이는 대목 이구나~~~~~~~",1
정권유지 잘하는 정부비난 말고 본인은 머할건지나 고민하세요. 지지율 50%는 대성공 아녜요?국민이 잘한다는데..,1
철수야 아직도 철수 안했니? 무능하고 무식한 니가 문 재인 대통령님의 고귀한 정치 철학을 이해나 하겠니?? 니는 깜도 안된다. 분통은 내가 터진다 너 땜시~!!!!!!!!!!!!!! 니 꼬라지를 알라고 테스 형님이 말 했다 너에게~!!,1
마이크 앞에서 떠들지말고 광화문이나 청 앞에서 1인 시위라도 하세요. 진정성 느껴집니까?,1
북한이 먼저다,0
안철수씨 북한은 우리 민족인가요? 아닌가요?민족적 차원의 큰 그림을 갖으세요.아직도 북풍놀이 하고있으니 한숨만 나오네요한 나라의 큰 꿈을 꾸신다면 항상 대승적 차원에세 생각하시길...,1
철수형!! 좀더 싸움닭이 되시길~~ 그래서 호랑이가 되시길~~ 문빠충들 댓글은 보지마시고~~ 나라가 걱정이다. 문빠들 때문에. 문정부야 포기했고,1
여론 통제하려고 정부 비난할만한 기사는 모두 최신순만 있네. 어찌 점점 늘어가는거같다.,1
"문재인은 종전선언, 유시민은 명예군주, 김정은은 ICBM, 국민들은 총살화형, 안철수는 분통터져, 남편은 요트사러, 마누라는 가짜직인",1
철수야 뭉가고향이 북칸이니 네가 이해해라 ㅋㅋㅋㅋㅋ,1
맞는말인데 댓글 수준이 왜 이러는지..,1
문재인은 국민앞에 나서라 ........................................진심 문재인의 정신건강이 어떤지 보고 싶다.,1
"안씨보단 그래도 문씨가 일 더 잘하지,,,,,,ㅋ그냥 안랩이나 키우지 뭐하라 정치판억 들어와서 욕먹고 있는지;;",1
대미 정책이나 정책 일관성 면어서 안철수 보다는 김정은이가 나아보인다.,1
역시 안철수의 한마디 울림이 있네.. 재인산성뒤 무리들 총동원령이 내려져 안철수 깍아내리려 난리법석이네.. 과거 드로킹 조작사건으로 제일 피해를 입었건만 또다시 작업하는 느낌.. 대단혀.. 세상에 존재했던 독재를 다시 일으켜 세우려고 한다는 의심이 왜이렇게 들까?? 민주주의는 독재와 같은것인가?? 하여간 여지껏 보지못한 새로운 길이네..열심히 화이팅해서 일부 독재적 사고 방식에 동조하시다가 파멸의 길로 접어든다는 사실 잊지말고...,1
문대통령은 확실히 말해야한다. 우리 국민과 북한중에 도대체 어느쪽을 위한 대통령인지를..작금의 행태를 보면 이건북한 대통령으로 보인다.,1
문통보니 분통터짐?,1
지지율3프로인데 댓글은 90프로가 지지하네??알바생쓰느라 고생한다,1
문재인은 김정은 비서실장이라서 어쩔 수 없어요. 이해하세요.,0
휴우 문정권 이미 포기했어요. 코로나 끝나면 떠남.,1
문재인 좀 어떻게 해봐라..협동농장으로 출근하는 날 올 지 모른다. 야당은 뭐 하냐.,1
안철수가 대통령했으면 좋겠습니다,0
"우리문통처럼 국민을 먼저생각하고 나라를 걱정하는 사람이 있엇더냐..국민을 노예로 보고 방산비리, 자원외교비리에 검찰비리 대기업비리까지..온갖비리를 창조한 지도자들이 많았는데..역대급4년차대통령중 지지율이 50%로가 있다더냐.. 국민이 안다는거지. 발악하는 저급한것들이 생긴거보면 염원인 통일이 멀지않았군. 통일 자즈아",1
내맘도..저맘이다.같은생각!!!!!!!,1
이발했네? 쫌 낫다. 그 고시생머리 답답했는데,1
항상 국민 대신해 사이다발언해주시네요,1
거짓말 잘하는 문틀러 같은 사람이 대통령 자리를 차지하는 이유를 곰곰히 생각해봐야 함~~ 중공이 선거에 개입한 이유도 있겠지만 국민들이 정치인에 너무 잘 속는 것 같다.,1
말로만 분통 터뜨리지 말고 직접 나서서 문재인을 끄집어내릴 수 있도록 해봐라. 대한민국은 확실한 카리스마를 가진 청렴결백의 지도자가 필요한 시국이다.,1
��야당다운야당 ㆍ4차산업IT경제 살려낼 인물 ㆍ벤처창업 ㆍ실물경제 경험해본 1500억기부 ♡안철수가 정답이다 <왓튼스쿨경제학 전공,1
적군이든 아군이든 물에 빠진 사람을 총으로 쏴 죽이는 것들이 과연 올바른 나라인가? 그런 나라같지 않은 것들과 평화협정 운운하는 것이 과연 대한민국을 위하는 일인가???,1
확실히 안철수가 달라졌다. 적어도 이 정도의 술수는 아니었는데.....! 정말 문대통령이 북한을 먼져 생각한다 믿는냐??? 이 대목에서 안철수는 태극기 부대와 어머니부대를 지지한다고 봐야겠군. 점점 그들과 같은생각들이 늘어나고 있다.!! 누굴위해? 뭘 위해? 양심없는 자들의 특징은 끊임없이 체계를 세우고 루틴을 만드는것.!! 어느 철학자가 말한다. 무엇을 감추려드는 비양심적 언어도발 !! 멈처라. 그리고 살아남아라.!,1
다음사이트 베댓1~3위는 어떤 기사가 나오던 현정부 옹호를 항상 하는 조작집단이 있어요. 그에 반해 네이버는 정확하게 민심 댓글처리를 하고요. 그러하다보니 현정부에서 네이버를 압박할거에요.,1
"요즘 멘트 좋아, 가즈아 화이팅 안철수...~~~~",0
도쿄올림픽 마라톤 출전하려면 훈련 열심히 해야할듯.,1
그건 안철수니생각이고 우리국민안전하게하기위해 종전선언추진하는거 깨시민은 다안다 2년전 북한미국전쟁날뻔한거 살려준은공도 모르고 까대는 흉노들,1
그러게 그때니가 미친헛소리만안했음 좋았잔냐 왜 대통령자리 문씨한태 내줬냐 분통터진다,1
안철수대표님!!! 매사 불평불만에 논리도 부족한 비판을 쏟아내니 국민들은 짜증스럽게 생각합니다.정말 실망입니다. 거시적인 안목으로 처신하세요,1
사회주의 신봉자들 집합소 아닌가,0
"다양한 학문을 전공하고 섭렵한 탁뤌한 식견있는 안철수 불사조를 선택해야, 꺼져가는 경제에 불을 끝까지 붙일 수 있다.",1
옳은말하네 철수씨,1
차기대권은 안철수다.국회와 청와대에 있는 바이러스종자들을 걷어내주길!!!!,1
남이사 뮐하든 할일을하세요~3프로가지고는 아무깃도못하니~남욕해봐야 본인 지지율 안올라감니다~그러니 국민을위한일을 하세요,1
철수야 그냥 입닫고 있어라 명박근혜정권에거는 북한에 휘둘리고 어더맞기만했지 무슨대처를했나 그래도 문정부는 대북 전문가가 많아 대처를 잘하는거다 국힘당은 탈북자 태용호 진씨뿐이자나,1
바로 여기서..... 안철수가 대인배가 아니라 그냥 찌질이엿다는게 들통나네.... 에휴... 본심은 겨우 찌질이소인배 밖에 안 되는거였어??? ㅉ ㅉ,1
안철수 대체 너는 누구냐.....말을 하려면 공정성을 놓고 판단하고 진정성있는 말을 해야지 앞뒤 거두절미 하고 원론적으로 부정적인 말만 하냐.....차라리 원칙과 사실여부와 근거해서 구체적으로 말을 해주길 바란다.....나도 한때는 너를 지지자니지만 지금은 너에게 정말 실망스럽고 정의도 진실도 없는 형편없는 넘이라고 생각한다,1
ㅎ ㅎ ㅎ ㅎ평소에 젊잔은 안철수가 분통이 터질 정도면 유권자인 대한민국의 국민은 홧병 난다 ! !,1
아무리 그래도 문통이 국민보다 북한 먼저일까? 그래서 철수가 지도감이 아닌 것이다!,1
안철수가 한말에는 까지도 못하는 대깨문들이 수준떨어지게 암말이나 밭어내내. 하긴 지난 대선때부터 얘네들 수준떨어진거 알잖아. 북한 2000만평 공장짓겠다는 문재인 뽑았으니. 근데 왜 공약 실천 안하능겨? ㅎㅎㅎㅎㅎ,1
"진정 국민을 섬기고 싶다면 ""힘"" 당으로 입당. 국민을 위해 뭔가를 보여주세여.",1
文辯이 이나라 대표로 인정한건 문파 만이다. 일반국민은 인정 못한다..,1
구구절절 대공감!!!,0
응답하라 문죄인2020사건들 침묵으로버티는데 한계에도달한듯ᆢ,1
지금 정권보면 숨도 안쉬어진다.,1
북한이 먼저가 아니고 김정은이 먼저겠지 김정은 종놈 문벌구,1
차기 대통령 안철수 화이팅 경제 살려다오.,1
잊을만 하면 나와서 존재감 선보이는 촤알스~왜 또 간좀 보실려구 나오셨나?,1
그무리들은 정른이 한테 노력영웅 극기훈장1호 2호 3호등을 받을것이니까 엄청 기를 쓰면서 하는짓거리 들 언제 죗값을 치루나,1
"안철수 의원은 갈수록 사람이 변질되어가는건가, 아니면 원래부터 사리분별을 못했던건가. 좀 실망이네. 가뜩이나 국민의짐당 같은 멍청한 것들 때문에 국민들이 호도당하는 마당에 거기에 부채질을 하면 어쩌자는건가.",1
철수야! 바보냐? 국민을 생각해서 북한에게 그렇게 참으며 대응하는 거 모르겠냐?,0
철수는 보면 참... 짠해. 마라톤은 열심히 뛰고 있는겨? 똥이나 제때 싸면서 뛰어.,1
달님 바라기들이 나라를 망치지요..,0
안철수는 늘 부정적으로만 이야기하는데 뭔가 확실한 정책도 없고 야당도 아닌것 같은데 왜 사사건건 트집인지 모르겠네.. 정체성이 없는이 안철수/./// 제발 정치 그만하고 안랩에 열중하시면 좋은듯한데....,1
세월호사건으로 촛불집회를 열어서 정권창출하더니 지금은 코르나19때문에 집회도 제대로 못한다.촛불집회를 이제는 비대면으로 집에서 해야한다.그걸 동영상으로 올려서 북한의 만행과정부의 무성의한 태도를 촛불비대면 집회를 가정마다 해야한다.그것까지 정부에서 반대할수는 없지않나?,1
"왜이리 개소리가 많아?? 싶었는데,,, 대깨문 화력 40대 댓글이 환상이네... 잘못한건 잘못했다고 말을 할 수는 없나???? 자기가 지지하는 당에는 한없이 너그럽네... 자기가 지지하는 당일수록 더 엄격한 잣대로 봐야하는거 아닌가??!",1
문통 뿌리가 어디? 이북... 586 브루조아 운동권 애들 퐌타지는 김일성 ㅅ령동지 ... 저들이 하고 싶은거? 부칸이 중심인 통일.. 나라를 저것들손에서 지켜야~~,1
"그렇게 엉터리 인물인 박원순, 문재인에게 왜 양보했냐~ 그것부터 해명해라",1
헛소리 작작하고 미국이나 가라,0
김종인의 안철수는 대통령감 못된다는 판단이 맞는 것 같아 점점 좌절되네...왤캐 찌질한 짓만 골라하지? 좀 크게 보고 대인배 다운 기상을 보여주면 좋잖아...-.-;,1
죄인이나.. 찰스나.. 비슷한 사차원에 안드로메다 아닌가?,1
안철수님아 정말 실망입니다.큰인물이 될줄 알았는데.역시 당신도 덩달아. 정말 실망입니다.,1
철수야 독일여행 가자,0
마찬가지였지. 김대x. 노무x.똑같은 계보야. 더하면 더했지ㅎ,1
어김없이 또 최신순 댓글밖에 없구나!! 그래도 네이버노출배너에 오래 보여주고 있다는것만 해도 다행이라 생각해야하나?? 항상 안철수대표 관련 댓글 좀 달리면 바로 노출기사 다른 것으로 대체하면서 바꿔치기하더니 오늘 일요일은 별다른 기사가 없었나? // 많이 수상한 나라..... 네이버에 노출이 어느 정도 되느냐에 따라 대한민국여론이 결정되니 참 딱하다!!! 그래도 안철수대표같이 상식적이고 합리적으로 정부 비판하면서 중심을 잡아주는 정치인이 있어서 다행이다.,1
기쁨조가 대단하긴 한가보다,0
근데 안철수 얘때문에 2년뒤 대선에도 17년처럼 보수 표 갈라질것같은데 에휴ㅋㅋㅋㅋ,1
아바타 요세 주둥이에 누가 모터 달아줬냐? 요세 쉼없이 까고있네,1
안철수 멋지다.,0
희한하네. 대깨문들은 왜 삽살개를 제대로 비판하면 개떼 같이 몰려 들어 상대가 누군지 가리지 않고 물어 뜯을까? 설마 국민이 선출한 대통령은 북괴 수령처럼 무오 존재로 혹은 신왕으로 착각하나? 그리고 그렇게 욕하던 맹바그네 때 실정만을 들춰내며 왜 정신 승리할까? 그 잘난 문재인 정권은 최소한 그보단 잘 해야 하는 거 아님? 왜 비교 대상을 자기들이 혐오하는 정권으로 잡았을까나. 속으론 찰스나 맹바그네를 존경하고 있어서 그런가?,1
"철수군, 자네가 대통령이면 어떻게 할지 딱~ 한번만 밝혀다오. 정말로 궁굼해서...................... (물론 대통령 깜은 전혀 아니지만...)",1
난 안철수 뒷북이 더 분통터져,0
대통령 흉본다고 안철수가 나아보이지않는데 누구한테 칭찬받고싶어 대통령흉을봐?참영양가없는짓하네 역시 스케일이 쪼잔하네 점점더실망스럽네,1
그렇게 동떨어지는 말만하니 지지율이 그모양이지요 급해도 그렇지 말이되는 소리를 해야지,1
공산당이 싫습니다 문재인 퇴임후 양산 온다고 오기만 해봐라 이빨 갈고있다,1
그러는당신 자신만 생각하잔아 똥뭇은개 겨뭇은개 나무란 다더니 당신이야 이당저당 돈가지고 만들기만 하고 국민은 안중에 없고 에고에고,1
자네는 평화보다 대치가 정상이라고 보는가? 서로가 물어뜯고 가끔씩 포 한방 날리고.,1
월북인지 표류사고인지 정부는 정확히 밝혀라 녹음 파일 확보 했다면서 왜? 공개 안 하는가?,1
이렇게 쌔게 나올줄 아는 사람인데... 시기가 너무 아쉽다...... 좀만 더 빨리 마음을 먹지.....,1
제발 투표 좀 잘하자,0
철수형~ 일단 서울시장되서 시민단체들 밥줄부터 끊어버려요. 거지문빠들 울부짖는 꼴 보고싶으니 ㅋ,1
"여전히올바른가치관,이젠라도홍어떼처럼 비열하고끈질겨야됨,그래야더러운정치판에서 성공함",1
철수야 그만 놀고 집에가자 니가 놀곳도 아니고 더놀면 다친다 집에가서 공부더하고 또나와서 놀자~~,1
반쪽도 이리고 한쪼기리 조각만 바라보는 시각으로 누구를 죽이려고 그러시나,1
문재인이 대통령인 세상에서 행복한 유일한 사람이 집가진 대깨문이지. 나머지는 초토화야. 하긴 한부류가 더있지 묻지도 따지지도 않고 지지하는 어느 지역 사람들. 문재인이 집권하는동안 세상 조용한 날이 몇일이나 되는가? 편가르기 싸움붙이기 북한한테 굽신대기 부동산 물가 폭등 지들비리 파묻기 지겹다.,1
주딩이질은 세계쵝오!,1
원래 트집잡기는 쉬워,1
백신철수 가즈아 문적폐들을 백신으로 치료해 주시옵소서,1
우리 철수형... 민주당하고 잇을 때 좀만 통 큰 모습을 보여줬으면 참 좋았을텐데. 그랬음 지금쯤 전폭적 지지를 했을 텐데.... 금태섭만큼은 옆에 있게끔 했어야지,1
재앙이는 김정은 바지가랑이 잡고늘어져야한다 아니면 퇴임후에 수갑 찰수밖에없다.수갑 안찰려고 공수처 만들어놨지만 공수처도 완전면죄부처가 아니라서 불안한거다,1
옳은말씀.,1
안철수 의원님 최고의 대답이네요~,0
무능력자 문죄인..지겹다. 민주당에선 다 도찐개찐 대통령 깜이없다! 더 공산국가로 후퇴당하기전에 안철수나. 홍준표나 대통령됬음 좋겠다.,1
ㅋㅋㅋㅋㅋㅋㅋㅋ문빠들 반박은 못하고 그저 안철수 까고있네 왜 틀린말 아니잖어,1
"서울시장 나올라고 , 그럴라면 감성에 호소하는 신파소설 고만 쓰고 앞으로 어떻게 하면 이런 일이 않생길 지 틀려도 좋고 엉터리 라도 좋으니 니 생각이나 대안을 한 번 말해 봐라 없으면 고마 철수하고",1
당신은 늘 그래 답도없으면서 이러다또떨어지면 뱅기타고어느나라몇년 짱박혀있다가오겠지,1
철수야 말도 안되는소리 고마하고걍 철수해라,1
철수야 계단으로 도망가야지.문ㄷ신은 홍준표가 처리해줄께,1
바른말하는데도 그뜻을 모르고 정권에 맹종하는 비열한문빠들은 조용히 침묵을 지키고 있어야하는 것 아닌가?,1
대통령이면 생각할게 얼마나 많겠냐~~딱 니 수준에서만 생각 하는 초딩 이구나.~너는 딱 종제기 수준.,1
심지어 철수가 뭉가보다 1000만배 나아 보인다,1
그걸 이제 알았냐???????? 문죄인 야당시절때도 북한 옹호하고 쉴드치지 바뻣다 그런대 이제 권력까지 생기니 대놓고 종북질하는거지 이번 공무원피살되고 수사할때 아예 첨부터 월북했다고 확정하고 수사한거 뽀록 터졌잖아,1
말이라고 하는건가...?한심하다~!!!ㅠㅠ,1
안 대표님 대국민담화 안됩니다 저것들 자기 지지자들만 불러서 또 쇼합니다,1
문대통령은 대한민국의 통일에 관심이 있고 안철수는 괸심이 없는 놈이다. 통일의 의미도 모르는 쓰레기가 정치를 한다니 가소롭기 짝이 없다.,1
정책이라곤 1도 제시하는건 없는 인간이 뭔 견소리고. 철수야 집에가자,1
울지말고 이야기 해라.. 왜 저만 미워 합니까.,1
자명한 건 지도자가 무식하면서 그릇된 신념에 푹 빠져 있다는것. 무식한 오기는 전체를 위험에 빠트릴 수 있다는걸 보여줌,1
철수는 나가있어,0
분6동터질게 머있어 철수가 대통하면되지 함 밀어줄께 잘혀봐 ᆢ,1
문재인은 자기정권때 적화통일 말고는 관심없어요~,1
홍준표가 이런말 하면 이해가 가지만..,1
대깨문은 왜 ? 안철수가 말만하면 악플을 달까 ? 그것은 옳은 말만하니까 1년 후가불안하기 때문이다,1
촬스는 생각이 짧아요.안보 빵점,1
"찰수씨 아찌 내마을을 대신해 그렇게 쓴소리를 하셧소~~고맙소~~문씨가 북한에 대한 업적쌓기 행동을 할때 김정은이는 홱무기 강국이 되어 좋아하고 있지않소...북한에게 앞으로 끌려 당하는꼴이 눈앞이 선하오.,문씨는 현실을 인정하지 않는 갓인시 무능한것인지??참 안따갑소~~",1
"나는 부산 사나이라고 외치고, 한 달 동안 부산에 내려와 선거유세 해보소. 그럼 지지율 확확 올라가요. 전라도만 가지 말고.",1
맞는 말 하구만...,1
원래 이런놈인데 이제야 아셨수,1
뜬금없이 하는일없이 주둥이만 나불거리는 너를보면 국민들도 분통터질거다,1
철수씨~~인자 고만하자~~,1
"남북 분단 때문에 희생당한 남북의 젊은이들이 무슨 죄겠습니까? 위정자들의 권력욕과 야욕 때문에 더이상 희생자가 나와선 안됩니다. 게임이론의 팃포탯(tit for tat)전략의 효율성이 말해주듯, 대북강경책이 필요한 경우도 있습니다. 문제는 그것이 비극을 영속시키는 영구분단의 방향으로 흘러선 안된다는 겁니다. 유연하게 대응해야 합니다. 보수정권의 유연하지 않은 대북강경책 9년간 북한의 광기는 더 심해졌습니다. 천안함 폭침, 연평도 피격, 미사일 실험, 핵실험도 더 심해졌습니다. 문정부 초기만해도 긴장은 심했지만 지금 좀 다릅니다.",1
말이 너무 많아 근데 말이 없어지면 존재감이 없어져서 어쩔 수 없는 것 같기도 하고.,0
댓글보니 문빠들이 저리설치는데 밤이 깊은 새벽인듯~~대한민국이 빨리 이 악몽에서 깨어났으면~~,1
서울시장 먼저하시고 세력키워서 대통령 한번 해서 이 비뚫어진 나라 한번 바로 잡아주시길...,1
철수야영희야 딱 이수준을 못 넘네,1
그걸 이제 아셨나요?? 문재앙=북재앙,1
의사가운 입었을때 제일 잘 어울리는분....그자리가 맞는거같은데 안타깝다 주위에서 펌프질 하겠지? 공부만 한사람은 착하고 단순해서 잘 속아~~ㅠ,1
모지리가 뭐래,1
철수 화이팅!,1
난 진짜 이해가 안된다. 살인한 가해자가 아니라 살해당한 피해자를 욕하는 정치권.. 과연 누굴 위한 정치인가?,1
"안철수 , 요즘 맞는말만 하네 , ,ㅋㅋㅋㅋㅋ , //",1
감히 한나라 대통령한테 말하는 꼬라지 보소. 지지율 1프로는 나오냐,1
비젼제시 ..정책제시..뉴스보고 기사보고 남까는것만 하지말고 나라의급한 정책과 나아갈길을 제시하라고..아니면 애들이나 가르치던지..,1
와 무슨 안철수가 무섭긴 한가보다...안철수 이야기만 나오면 다들 부들부들 날리치네...정말 갈수록 저 집단이 싫어진다....,1
"칠수야, 칠수야~ 이 쫌생아~",1
분통 터지면... 달려야지... 마라톤 다시 시작해라... 앞으로 뭐 크게 할일도 없을 것 같은데...,1
귀막고 입막고 살어,1
네이버 이런 기사에는 순공감을 왜 빼나? 정권에 빌붙어서 나중에 패가망신 한다,1
앗찰스는 깜도 안되는게,1
말 잘한다 ㅎ,0
난 네 하는 꼬 라지가 더 한숨이,1
믿을사람은 안철수밖에 없어요 서울시장을 통해 검증받고 대선 갑시다 ! 야권통합은 꼭 이뤄져야 합니다 !,1
더도말고 돌도말고 문재인 정권만큼만 해라남북관계 이렇게라도 안했음 심심하면 서해 동해에 미사일 발싸하고 우린 불안해서 못살것이다,1
"찰스야! 넌 정치를 할려면 국회의원 선거부터 나와라!넌 정치인도 아니고, 그렇다고 정치 평론가도 아니고...자꾸 간보지말고, 뭐를 할건지 확실히해라!",1
네 심불뽀가 더 터지겠다 푼돈인생 뭘 해도 좁쌀철수,1
"민간인 사살은 월북몰이로 숨기더니, 연병식은 대놓고 선전질에 nsc 소집하고 난리구나",1
문제인한테 국민은 자신의 망상을 실험할 개..돼지일뿐,1
안철수 : “아직도 내가 마라톤을 왜 뛴지 몰라”,1
문재인 이상태로 그냥 내버려둬도 괜찮은가? 우리나라 현재 진짜 위험한 상태인거 같아,1
"댓글에 비아냥 거리는 사람들이 일명 대깨문이고, 그런 사람들의 수준이 많으니 이나라의 국가지도자들이 그들 수준에 맞는 지도자들이 있는것임. 즉, 한국의 수준이자 그 수준에 맞는 지도자가 있는상황임. 참 아쉽다. 한국의 발전이 아직도 멀었구나..",1
안찰쑤 간잽이는 간만보고 돌아다녀서 좋것따 취미로 정치하냐 ~~ 꺼져라 개보수는 가짜다 지이익만 따진다 🔊🔊~~~the 🍳,1
팩트긴하지..,1
안은 마라톤이 먼저,0
철수니가 하는 짓거라가 분통이 터진다.,1
문재인은 대한민국대통령으로서 철학이있는지 묻고싶다 국가관도 없어보이구 오로지 패거리정치에 자신부하들인지 문빠들인지 몰라도 아무리 잘못을 해도 책임을 묻지 않는 양아치들 형태로 국정운영한다 국가의기본틀도 없이 오로지 주사파 패거리 정치를한다 국가관이나 국정철학이있는지 해명바란다,1
느들이 뭔들 안 꼬아 보이것냐?,1
문죄인에 하는 꼴은 북한에 무릎꿇고 항복선언이다? 남북 공동조사 제안도 이미지 메킹이다? 민심때문에 툭 던져놓은 홍시 감이다?,1
다음 대통령 어느당이 될지 누가될지 조린 마음은 알겠는데보자 좀 다음 다른당 대통령시 얼마나 욕만먹을 만큼 잘하나보자정도껏 좀 해라 물론 지금 대통령 잘 한다고 칭찬은 않하겠다만누가 칭찬 먹고 잘할 대통령이 있을지 궁금 하네?그래서 니네는 할께 없어서 대통령 흉잡을꺼만 찾고 있는거야?그럴 시간에 다른 칭찬 받을 만한 믿을 만한 껀덕지좀 찾아봐그럼 다시 봐질꺼 아냐?다 똑 같은것들이 그러니까 웃음이나서 그래,1
웃긴게 이번사건 관련 아는것도 쥐뿔없는거 같은데 월북의도가 있었다는건 귀신같이 빨리 알아냄.. 솔까 진짜로 월북의도가 있었다해도 검증에 검증을 거쳐 신중하게 발표를 했어야지.. 그 분 가족들은 생각도 안하나? 이건 진짜 국민은 일도 고려안하는 처사다..,1
속시원하다 북한사랑 조선인주의공화국 남한지부더불어공산당,1
안철수는 안철수처럼하자 안어울린다 네거티브,1
"철수야, 대한민국이 문재인 대통령 개인꺼는 아니잖아.대통령 개인을 위해 북한을 생각하고 공조를 도모하려 하겠냐? 그것도 1년여 뒤에는 임기 마치는데, 평화공조 깔아 놓으려고 하는 이유가 있다고는 생각이 안드냐?",1
자기 지지율에 취해 자기 하고싶은 것만 하는 대통령인데 과연 담화를 할수 있을까요? 국민과 소통하겠다는 거짓말.. 다 거짓말.. 그 거짓말도 좋다는 멍청한 국민들이 있는 한 움직이지 않습니다. 나라망신 보다 본인이 더 중요한 사람이라,1
실행력없고 입만 나불대는분이 할말은 아닌듯? 비전을 제시할듯하면서 멍석깔아주면 빼고~ 다른사람이 하는거보고는 비판만 잘하지. 당신이 국민을 입에담을 자격이 있나 싶다,1
철수형 요즘 왤케맞는말만해?,1
철수가 촬스하나? ㅋㅋㅋㅋ...,1
철수야 영희가 안놀아 주데~~심심한가 보네,1
알만한 분이!!!,1
바보철수야 국민을 생각하니 북한문제에 관심을 갖는거 아니니... 이제 멍청한짓 좀 그만 하고 예전 철수로 돌아가라,1
전 대선후보 토론때 이 자가 북추종자라는것을 눈치 못챘군요 이제와서 분통터져 봤자 소잃고 외양간 고치는 격이지요,1
"그럼 철수야 전쟁할까? 평화가 네 재산지키는거 모르냐? 인식이 초딩수준이야. 벗어나질모허네 , 앞으로 한미일과 북중러 냉전체제에선 답없다. 미국이 만들려는 남태평양체제속에서도 우리나라는 답없다. 이체제속에서는 긴장과 전쟁에대한 공포로 살아야한다. 남과북이 평화하고 중러와 일이 평화공존의 체제에서 우리는 평화도 경제성장도 이루어지는것이다. 철수는 지금의 냉전체제로 가라는것인가 남북의 화해와협력이 가져다줄 미래를 그려보고싶지는 않은가말이다. 초딩철수",1
나도 옛날에는 안철수가 싫었다 근데 젊어서 부터 정치만 하고 보스가 되어 대권을 쟁취한 정치인들 대부분은 자기 식구 챙기기에 급급하고 제대로된 이론이 없이 측근 정치 투성이다 전문가가 장관이나 청와대 수석이 되는게 아니라 낙하산 인사다 정치 기득권 금수저들의 세습정치만 양산할 뿐이다 김홍일이 봐라 ?한번 정도는 경제인 오너 출신에게 대권을 맡기는것도 좋을듯 정치인 출신들은 노력한 오너의 삶을 몰라도 너무 몰라 대한민국 정치 경제인에게도 맡겨봐야~~~ 기업경영하듯 나라 살림 잘할끼,1
분통이 터지면 배낭 메고 포도 만원어치 사서 달리시오~,1
안철수님 지지합니다! 2022년에 꼭 대통령으로 당선되고 우리나라 살기좋은 나라로 발전시켜 주세요! 뭐든지 시작하면 끝을 보는 성격이라 골프는 시작도 안했다는거 봤습니다. 대신 마라톤을 하고 있죠. 백신을 개발하고도 국민을 위해 100억을 포기하고 무료보급 했을 때부터 지지했습니다. 우리나라에는 안철수님과 같은 인재들이 필요합니다!,1
안철수덕 안본사람 손들어봐라좋은직업 의사그만두고 컴퓨터백신만들어 누구나 공짜로 쓰게해주고민주당 죽어갈때 구원해준 공은어디로가고 드루킹 이후 안철수 바보만들기 작전에 휩쓸려 부하뇌동 하는 바보들,1
안철수...갈수록 저질되네..,1
나 추워. 창문 좀 닫아줄래?,0
나의 오빠는 강아지를 무서워해.,0
10시야. 너 또 늦었어.,0
정치에 관심이 없어. 그는 음악에 관심이 있어.,0
"나 늦었어? 아니, 제시간에 맞춰왔어.",0
너 신발 멋지다. 새로 산 것이니?,0
"이 호텔은 그리 좋지 않은데, 왜 이렇게 비싸니?",0
너의 전화번호가 무엇이니?,0
너 내 말을 안 듣고 있구나.,0
제발 조용히 해줘. 나 일하는 중이야.,0
"저기 봐, 사라가 있어. 그녀는 갈색 코트를 입고 있어.",0
우리 지금 저녁 식사 중이야. 내가 나중에 전화해도 될까?,0
너 왜 코트를 입고 있니? 지금 춥지 않아.,0
누구 기다리고 있어? 너 Sue 기다리고 있니?,0
너 지금 떠나?,0
너의 친구들은 호텔에 머물고 있니?,0
나는 사무실에서 일하고 내 내 동생은 은행에서 일해.,0
그녀의 부모님은 시카고에 살고 있어.,0
겨울에는 비가 많이 와.,0
병원을 짓는 데 많은 돈이 들어.,0
"차는 마시지만, 커피는 마시지 않아.",0
보통 날씨가 좋아. 비가 자주 내리지 않아.,0
"때때로 그는 늦지만, 그렇게 자주 일어나는 일은 아니야.",0
그의 일을 잘 못해.,0
너 테니스 치니?,0
너의 부모님은 영어로 말할 줄 아시니?.,0
열심히 일하니?,0
너의 여동생은 벤쿠버에 사니?,0
왜 탁자 밑에 들어가 있니?,0
나 피곤해. 나 집에 가고 싶어.,0
이해를 못하겠어. 무슨 뜻이니?,0
"응, 그러나 이름은 기억나지 않아.",0
나는 파란 눈을 가지고 있어.,0
우리 차는 네 개의 문을 가지고 있어.,0
"멋진 집이야, 하지만 차고가 없어.",0
그녀는 어떤 종류의 차를 가지고 있니?,0
너의 가방에 무엇이 들어 있니?,0
어디에 있었니?,0
그들은 지난 일요일에 여기에 오지 않았어.,0
"여행 후 우리는 배고팠어, 하지만 피곤하지는 않았어.",0
너가 휴가 갔을 때 날씨 좋았니?,0
나는 매일 아침 양치를 해.,0
1996년부터 2003년까지 은행에서 일했어.,0
어제 아침 내내 비가 내렸어. 점심에서야 그쳤어.,0
저번 주에 세 번 영화 보러 갔어.,0
"그의 코트를 벗고, 그리고 앉았어.",0
그녀는 자주 외출하니?,0
부모님들께서 좋은 여행을 하셨니?,0
"우리 영화 보러 갔었는데, 그 영화 즐겁지 않았어.",0
지난주 일요일에 비 왔니?,0
그가 뭐라고 했니? / 모르겠어. 듣고 있지 않았어.,0
비가 왔었어. 그래서 우리는 외출하지 않았어.,0
2001년에 우리는 일본에 살고 있었어.,0
"태양은 빛나고, 새들은 노래하네.",0
"내가 전화 했을 때, 티비 보고 있었니?",0
"우리의 휴가 동안에, 비가 오지 않았어.",0
"내가 일어났을 때, 비가 오고 있지 않았어.",0
책을 읽는 도중 잠이 들었어.,0
"나는 과거에 책을 많이 읽곤 했지만, 요즘엔 많이 읽지 않아.",0
"피아노를 가지고 있었지만, 몇 년 전 그것을 팔았어.",0
"내가 어렸을 땐, 토마토를 좋아하지 않았어.",0
 여기에 오기 전에 어디에 살았었니?,0
"그녀는 여태까지 많고 다양한 직업을 가져왔고, 많은 장소에 살았어.",0
몇 번이나 브라질이 월드컵에서 우승했니?,0
내 여동생은 비행기로 한번도 여행한적 없어.,0
나는 한번도 말을 타본 적이 없어.,0
그들은 결혼 한 지 5년 되었어.,0
그녀는 평생 그 장소에 살아왔어.,0
나는 2년 동안 독일에서 공부하고 있어.,0
하루 종일 비가 내리고 있어.,0
그녀는 그곳에 3일 동안 있었어.,0
그녀는 그곳에 월요일부터 있었어.,0
우리는 9시부터 기다리고 있었어.,0
3주 전에 그녀의 새로운 일을 시작했어.,0
나 여권을 잃어 버렸어.,0
그녀는 자러갔어.,0
"아니, 그는 집에 갔어.",0
나 어제 열쇠를 잃어버렸어.,0
응 그들은 방금 도착했어.,0
그들은 이미 도착했어.,0
"아니, 그들은 아직 도착하지 않았어.",0
아직.,0
우리는 작년에 휴가를 떠나지 않았어.,0
"윌리암 셰익스피어는 1564년부터 1616까지 살았고, 그는 작가였어.",0
몇 시에 외출했니?,0
스페인에 가본 적 있니?,0
오렌지는 캐나다로 수입 돼.,0
나는 파티에 초대된 적 없어.,0
전화기는 언제 발명되었니?,0
나는 콜럼비아에서 1989에 태어났어.,0
내 자동차는 차고에 있어. 그것은 수리중이야.,0
몇몇의 새 집들이 공원 반대편에 지어지고 있어.,0
이 셔츠는 세탁된 것이니?,0
"이 방은 더 이상 더럽지 않아, 청소되었거든.",0
"비가 오지 않아서, 우리는 우산이 필요 없었어.",0
어떻게 창문이 깨진 거니?,0
말을 타본 적이 없어.,0
자주 외출 하지 않아.,0
어제 케이크를 만들었어.,0
커피 몇 잔을 타왔어.,0
누군가 어젯밤 이 창문을 깨트렸어.,0
누군가 이 창문을 깨트렸어.,0
내일 테니스를 칠거야.,0
금요일에 치과에 갈거야.,0
다음주 파티에 오지 않을 거야.,0
그 비행기는 내일 아침 7시 30분에 뉴욕에 도착해.,0
나는 아침에 아침식사 하지 않을 거야. 나는 배고프지 않아.,0
파티에 초대할 거니?,0
내일 테니스를 치기로 했어.,0
"하늘을 봐, 비가 올 것 같아.",0
"오늘 밤 전화해도 돼, 나 집에 있을 거야.",0
오래된 빵을 마당에 놔둬. 새들이 그것을 먹을 거야.,0
내 생각에 운전면허시험에 통과 할 것 같아.,0
내일 운전면허 시험을 치룰 거니?,0
내 여행가방은 매우 무거워.,0
피곤해. 내 생각에 오늘밤 일찍 잠들 것 같아.,0
저녁으로 어떤 걸 먹을까?,0
오늘 밤 전화해도 될까?,0
복권을 한 장 사봐. 행운이 따를 지도 몰라.,0
내일 테니스를 칠지도 몰라.,0
파티에 오지 않을지도 몰라.,0
나는 아마 오늘밤 영화 보러 갈 거야.,0
20달러 지폐를 잔돈으로 바꿔 줄 수 있니?,0
나는 다음 주에 파티 열거야,0
그녀는 영어를 많이 이해하지 못했어.,0
"어젯밤 무척 피곤했지만, 잠들 수 없었어.",0
그들은 너와 가까이 사는 게 틀림없어.,0
너 오늘 10시간 일했어. 너는 분명히 피곤할 거야.,0
이 칼을 사용할 때는 반드시 조심해야해. 이 칼은 매우 날카로워.,0
자전거 주행자들은 절대로 인도에서 타면 안돼.,0
충분히 공부하지 않아. 그는 더 열심히 공부해야해.,0
저녁에 초대해도 될까?,0
너무 늦게 잠들어선 안 돼.,0
내 생각에 Lisa는 새 옷을 몇 벌 사야해.,0
나 내일 회사에 늦을 거야. 치과에 가야 하거든.,0
는 그렇게 열심히 일 할 필요 없어. 그는 쉬운 일을 하고 있거든.,0
우리는 버스를 그렇게 오래 기다릴 필요가 없었어.,0
" 많은 국가에서, 남자들은 군 복무를 해야 해.",0
오늘 밤 영화 보러 갈래?,0
오늘 밤 뭐 하고 싶니?,0
영화 보러 가는 거 좋아하니?,0
주말에 뭐 하고 싶니?,0
여기에 앉을래?,0
"나는 지금 가는 것이 좋겠지만, Tom은 더 기다리고 싶어 한다.",0
그녀는 오늘밤에 외출하지 않는 게 좋을 거야.,0
집에 있는 것보다는 외출 하는 편이 좋을 거야.,0
너랑 이야기 하고 싶지 않아. 나가!,0
조심해! 넘어지지마.,0
 오늘밤 저녁으로 생선을 먹자.,0
논쟁하는데 지쳤어. 더 이상 그만하자.,0
지붕에 남자가 있어.,0
10시 반에 열차가 있어.,0
일주일은 7일이야.,0
오늘밤은 TV에 볼 만한게 없어.,0
오늘 밤 좋은 자연 방송이 티비에서 해.,0
오늘 아침 나에게 온 전화 메시지 없었니?,0
어젯밤 사고가 있었어.,0
" 배가 고픈데, 먹을 것이 하나도 없어.",0
지금 몇 시인가요?,0
 10시 30분입니다.,0
우리는 집에 걸어갈 수 있어. 멀지 않아.,0
이사 간다는 게 사실이야?,0
"그녀는 피곤하지 않지만, 그는 피곤해.",0
"내 여동생은 그 영화를 봤으나, 나는 아직 보지 못했어.",0
"나는 더운 날씨를 좋아하지 않지만, Sue는 좋아해.",0
 나는 즐거운 시간을 보냈어.,0
내가? 미안해.,0
그가? 생선은 먹니?,0
"응, 완벽한 날이야.",0
"포틀랜드에 살아, 그렇지?",0
TV를 보지 않아. 신문도 마찬가지로 읽지 않아.,0
나는 내일 여기에 오지 않을 거야. ,0
우리는 어젯밤 영화를 보러갔어.,0
우리는 내일 여기에 오지 않을 거야.,0
나는 배우가 되고 싶지 않아,0
그들은 분명히 자동차가 없을 거야.,0
주말에 많은 것을 해.,0
일본에 가본 적 있니?,0
지난주에 손가락이 부러졌어.,0
내일 회의에 참석하지 못하니?,0
왜 지난밤에 전화하지 않았니?,0
이 집에 누가 사니?,0
무슨 일이 일어나고 있니?,0
 뭐라고 했었어?,0
누구를 찾니?,0
이 책들은 누구 것이니?,0
어느 병원에 계셔?,0
나는 어제 Nicole의 부모님을 만났어.,0
좋은 휴가 보냈니? 날씨는 어땠어?,0
그녀의 국적은 무엇이니?,0
캐나다와 호주 중에 어느 나라가 더 크니?,0
어떤 종류의 음악을 좋아해?,0
직장에 어떻게 가니?,0
배우는 것은 오랜 시간이 걸려.,0
오믈렛을 만드는데 오래 걸리지 않아.,0
내가 운전을 배우는 데 얼마나 걸릴까?,0
직업을 찾는데 오래 걸렸니?,0
저 사람들 누군지 알아?,0
나는 이 카메라가 얼마인지 알고 있어.,0
내가 열쇠들을 어디에 놨는지 기억나지 않아,0
누군가 나를 봤는지 못 봤는지 모르겠어.,0
그녀가 새로운 직장을 즐기고 있다고 말했어.,0
일찍 떠나야 했다고 말했어.,0
 그녀는 그녀의 아들이 학교를 좋아하지 않았다고 말했어.,0
그녀가 너에게 무슨 말을 했니?,0
그는 그가 지쳤다고 말했어.,0
나는 내일 너를 만날 수 없어.,0
많은 사람을 알지 못해.,0
Dave 는 공장에서 일하곤 했어.,0
오늘 일하지 않아.,0
너 외출했을 때 불 끄는 것을 잊었어.,0
"책을 읽으려고 했는데, 너무 피곤했어. (그러지 못했다)",0
나는 일찍 일어나도 상관없어.,0
나는 차로 여행하는 것을 선호해.,0
우리는 게리에게 우리와 함께 가자고 설득했어.,0
그들은 그들의 비밀을 알기를 원하지 않았어.,0
나는 내 오빠에게 수영을 가르치는 중이야.,0
그는 매우 웃겨. 그는 나를 웃게 해.,0
 빵을 좀 사려고.,0
약간의 과일을 사려고 상점에 갔어.,0
매니저와 이야기하기 위해 기다리는 중이야.,0
아직 떠날 수 없어. John이 전화하기를 기다리고 있어.,0
어젯밤 몇 시에 잠들었니?,0
아이들은 종종 수학여행에 가.,0
공항 직원들은 파업을 해오고 있어.,0
Richard는 조그만 보트를 가지고 있고 종종 항해하곤 해.,0
"너의 어머니가 아프셔서 유감이야, 그녀가 빨리 나아지기를 바래.",0
우리는 보스턴에서 10시 15분에 떠나서 오타와에 11시 45분에 도착했어.,0
차가 멈춰서고 한 남자가 내렸었어.,0
"우리는 호텔 밖에서 버스를 타서, 교회 거리에서 내려.",0
 그녀는 매일 같은 일을 해.,0
이 영화는 언제 제작되었니?,0
오늘 밤에 뭐하니?,0
"미안해, 내가 실수했어.",0
"내가 Sue를 처음 만났을 때, 그녀는 짧은 머리였어.",0
쿠키 좀 먹어,0
나는 매일 아침 아침밥과 함께 커피를 마셔.,0
Tim 은 직업이 없어.,0
절대로 우유를 마시지 않아. 그녀는 우유를 싫어해.,0
"이 편지는 나를 위한 게 아니라, 널 위한거야.",0
신문 어디에 있니?,0
그 책들을 그에게 줄 수 있니?,0
하와이는 해변으로 유명해.,0
"나는 하와이를 좋아해, 그곳은 아름다워.",0
Helen은 나에게 그녀의 우산을 주었어.,0
"이것은 그들의 문제이지, 우리의 문제가 아니야.",0
이 책들은 내 것이니? 아니면 너 것이니?,0
"우리는 우리차로 가고, 그들은 그들의 차로 갔어.",0
이 카메라는 그녀의 것 이니 그의 것이니?,0
식당에 있었어.,0
이 돈은 누구의 돈이니?,0
"나에게 너의 번호를 주면, 나도 나의 핸드폰 번호를 줄게.",0
그 펜은 내 것이야. 나에게 줄 수 있니?,0
그는 우산이 없었어. 그래서 그녀는 그에게 자신의 것을 주었어.,0
"응, 그가 누군지는 알지만, 그의 이름은 기억나지 않아.",0
거울 속에 비친 내 모습을 봤어.,0
"그녀는 자전거에서 떨어졌으나, 다치지는 않았어.",0
서로 근처에 살고 있어.,0
서로를 바라보고 있어.,0
머리보다 더 길어.,0
문제의 원인을 알고 있니?,0
너 내 차 뒷 좌석에 앉을 수 있어.,0
마드리드는 스페인의 수도야.,0
버스 정거장에 한 여자가 있어.,0
커피 한잔 더 줄래?,0
달라스는 텍사스에 있는 하나의 도시야.,0
 베토벤은 작곡가였어.,0
가위가 어디에 있니? 나 필요해,0
나는 새 청바지가 필요해.,0
많은 사람들이 영어로 말해.,0
271. 나는 여기에 있는 사람들을 좋아해. 그들은 굉장히 친근해.,0
272. 우리는 열쇠 없이 집안에 들어 갈 수 없어.,0
나는 돈을 조금 가지고 있어.,0
상자 안에 돈이 많지 않아.,0
275. 돈이 전부는 아니야.,0
모자 하나와 신발 몇 켤레 그리고 몇몇의 향수를 구매했어.,0
나는 무언가 읽을 것을 원해. 나는 신문을 살 거야.,0
대화 좀 할 수 있을까? 조언이 필요해.,0
그들은 그들의 집에 멋진 가구를 가지고 있어.,0
나는 내일 새차를 할 예정이야.,0
우리는 휴가를 즐겼어. 그 호텔은 굉장히 좋았어.,0
그 반에서 가장 어린 학생이야.,0
나는 담당자와 이야기를 하고 싶어.,0
그 거리의 이름이 무엇 이니?,0
너희 팀에서 최고의 선수는 누구니?,0
지금 몇 시 인지 알 수 있을까?,0
너희 도시에서는 교통 방향이 오른 쪽이니 왼쪽 이니?,0
"나는 5시까지 수업을 하고 있을 거야, 끝나면 전화할게.",0
그는 왜 수감 중이야? 그가 무엇을 했니?,0
보통 일요일에 교회에 가.,0
"아니, 우체국에 가고 있어.",0
"나는 음악을 좋아해, 특히 클래식을 좋아해.",0
우리는 고기를 그리 자주 먹지 않아.,0
너희 도시의 역사에 관해 많이 알고 있니?,0
나는 편지 쓰는 것을 매우 잘하지는 못해.,0
퀘벡은 캐나다의 한 지역이야.,0
페루는 사우스 아메리카에 있어.,0
타임스퀘어는 뉴욕에 있어.,0
299. 하와이는 태평양의 하나의 섬이야.,0
이 호텔은 비싸지만 굉장히 멋져.,0
 저 여자는 누구니? ,0
사과들이 먹음직스럽게 보인다. 내가 하나 먹어도 될까?,0
그가? 전혀 몰랐어.,0
나 펜이 필요해. 펜 하나 있니?,0
열쇠를 하나 발견했어. 네가 분실한 것이니?,0
여러 개의 열쇠를 발견했어. 네가 분실한 것이니?,0
"나는 빨간 신발은 마음에 들지 않지만, 초록색은 마음에 들어.",0
냉장고에 얼음이 몇 개 있어.,0
냉장고에 우유가 하나도 없어.,0
우리는 어떤 실수도 하지 않았어.,0
응 주방에 약간 있어.,0
주차장에 어떠한 차도 없어.,0
커피에 설탕이 하나도 안 들었어.,0
모든 것이 완벽했어. 문제없었어.,0
돈을 얼마나 갖고 있니?,0
방안에 아무도 없어.,0
무슨 말 했니?,0
그 집은 비었어. 아무도 살지 않아.,0
이 마을에서는 아무것도 할 것이 없어.,0
문에 누군가가 있어.,0
"나는 화났었지만, 아무 말도 하지 않았어.",0
편지에 무슨 내용이 있니?,0
대화할만한 사람이 아무도 없어.,0
이 마을엔 갈만한 데가 아무 곳도 없어.,0
그녀를 볼 때마다 그녀는 매번 달라 보여.,0
거리의 모든 집이 똑같이 생겼어.,0
지난 주 내내 비가 내렸어.,0
어제 종일 비가 내렸어.,0
 나 시계를 분실했어. 그래서 모든 곳을 찾아봤어.,0
모든 이들은 친구가 필요해.,0
나는 차를 구매하기를 원해. 하지만 돈을 가지고 있지 않아.,0
몇 몇의 책들은 매우 오래된 것이야.,0
333. 모든 도시들은 똑같은 문제들을 가지고 있어.,0
나는 이 돈을 전혀 원하지 않아.,0
커피를 줄까? 차를 줄까?,0
영화 보러가길 원해? 연극 보러가길 원해?,0
나는 이 두 사진 모두 좋아해.,0
우리 부모님은 모두 캐나다 사람이 아니야.,0
나는 둘 다 몰라.,0
충분한 음식을 샀니?,0
많은 책을 샀니?,0
내가 몇 개를 가져왔지만 많지는 않았어.,0
티비를 많이 보니?,0
우리는 친구가 많이 없어.,0
"그녀는 아무것도 먹지 않았어, 단지 적은 양의 물을 마셨어.",0
" 잠깐만, 나 전화 통화 좀 잠깐 해야해.",0
냉장고 안에 적은 양의 음식이 있었어. 거의 비어 있었어.,0
왜냐하면 그는 아주 조금 먹어.,0
나는 스페인어를 약간 해.,0
350. 그들은 현대식 집에 살아.,0
오늘 날씨가 좋아.,0
그의 새로운 직업에 관해 나에게 말했어.,0
매우 흥미롭게 들려.,0
"나는 이 생선을 먹지 않을 거야, 냄새가 좋지 않아.",0
열차가 갑자기 멈췄었어.,0
나는 너를 완벽하게 이해해.,0
357. 우리 팀의 경기는 별로였어.,0
빠른 주자야.,0
일찍 잠들었어.,0
"로마는 오래된 도시이나, 아테나가 더 오래되었어.",0
역까지 얼마나 머니? 1마일 정도?,0
버스를 타지 마.,0
"차로 가는 게 더 비싸니, 기차로 가는 게 더 비싸니?",0
어제 날씨가 좋지 않았어.,0
두통과 치통 중 무엇이 더 안 좋니?,0
아테네는 로마보다 오래되었어.,0
그 식당은 평소보다 더욱 북적였어.,0
너는 나보다 더 좋은 가수야.,0
그 신발은 얼마였니? 50달러였니?,0
그들은 그들이 필요한 양보다 많은 돈을 받았어.,0
로마는 아테네만큼 오래 되지 않았어.,0
오늘 날씨는 어제 보다 좋아.,0
나는 너만큼 많은 사람을 알지 못해.,0
너는 나만큼 열심히 일하지 않구나.,0
나는 팀과 같은 시간에 도착했어.,0
이 도시에서 가장 오래된 빌딩이야.,0
"돈은 중요해, 그러나 인생에서 가장 중요한 것은 아니야.",0
세계에서 가장 긴 강은 무엇이니?,0
그 영화는 매우 재미없었어.,0
내 생각에 그 영화는 내가 본 영화 중 최악이야.,0
네가 한 일중 최고로 특이한 일이 무엇이니?,0
스프에 충분한 소금이 들어갔니?,0
왜 차를 사지 않아?,0
"너는 충분할 돈을 가지고 있잖아. 돈을 좀 벌었으나, 자동차를 구매할 만큼은 아니야.",0
수영하러 가고 싶니?,0
그곳에는 모두가 앉을 만한 충분한 의자가 없어.,0
라디오 소리 좀 줄여 주겠니? 너무 시끄러워.,0
내 생각에 너는 너무 열심히 일하는 것 같아.,0
그 모자는 그에게 너무 커.,0
내 커피에는 충분한 설탕이 들어가 있지 않아.,0
너무 피곤해서 나갈 수가 없어.,0
매일 신문을 읽어.,0
나는 이탈리아 음식을 매우 좋아해.,0
너는 왜 항상 같은 실수를 하니?,0
 우리는 지난밤 파티에 갔어.,0
oe의 아버지는 6월부터 병원에 계셨어.,0
내 동생은 절대 나와 이야기 하지 않아.,0
식당에 자주 가니?,0
나는 매일 아침 커피를 마셔.,0
그들은 보통 7시 저녁식사 해.,0
"내가 어렸을 때, 학교에 자주 지각 했었어.",0
"나 많이 먹었어, 그러나 나는 아직도 배고파.",0
너 아직 LA에 사니?,0
무엇을 해야 할지 벌써 결정했어?,0
아직 숙제를 다 끝내지 못했어.,0
몇 시에 Joe가 오니?,0
나는 그 열쇠들을 Sarah 에게 주었어.,0
나는 어머니께 꽃을 몇 송이 사드렸어.,0
외출할 때 신문 좀 사다 줄 수 있니?,0
여기에 열쇠들이 있어. 이것들을 너의 아버지께 전달해줘.,0
그것은 내 책이야. 나에게 줄 수 있니?,0
"집에 와서, 무언가를 먹고, 그리고 잠이 들었어.",0
그리고 크리스는 축구를 하고 있어.,0
"너무 더워서, 창문을 열었어.",0
"늦고 피곤했어, 그래서 나는 잠들었어.",0
나는 뉴욕을 좋아해. 하지만 그곳에 살고 싶지는 않아.,0
"내가 외출했을 때, 비가 오고 있었어.",0
"418. 도로를 건너기 전에, 항상 양쪽을 살펴.",0
그는 다리가 부러진 후로는 다신 축구를 하지 않았어.,0
오늘 밤 집에 도착하면 샤워를 할 거야.,0
네가 돌아올 때까지 여기에서 기다릴 게.,0
"만약 내가 내일 몸이 좋지 않다면, 집에서 쉴 거야.",0
"만약 내가 나간다면, 나는 창문을 닫을 거야.",0
"만약 내일 Ann을 본다면, 나한테 전화하라고 말해줄래?",0
"만약 비가 오지 않는다면, 우리는 농구할거야.",0
"만약 그가 돈을 가지고 있다면, 자동차를 구매할 거야.",0
 나는 정답을 모르겠어. 만약 안다면 너에게 말할 거야.,0
미안하지만 너를 도울 수 없어. 만약 도울 수 있다면 도울게.,0
이 곳은 그리 멋지지 않아. 내가 너라면 가지 않을 거야.,0
"할 수 있다면 너를 도울 것이나, 나는 그럴 수 없어.",0
"나는 한 여성을 만났어, 그녀는 6개 국어를 할 수 있었어.",0
 피아노를 연주할 수 있는 누군가를 알고 있니?,0
100년 된 집에 살고 있어.,0
그 사무실에서 일하는 사람들은 굉장히 친절해.,0
그녀가 얻은 돈으로 무엇을 할 예정이니?,0
네가 원하던 책을 찾았니?,0
내가 말했던 모든 것은 사실이었어.,0
우리가 머물었던 호텔은 역 근처였어.,0
그에게는 너무 큰 모자를 쓰고 있었어.,0
10월 말에 여행을 할 거야.,0
금요일 저녁에 떠날 거야.,0
그 공원은 가을에 아름다워.,0
"서둘러, 그 열차는 오 분 안에 떠날 거야.",0
"잘 가, 조만간 보자.",0
우리는 1996년도부터 2005년도까지 일본에 살았어.,0
얼마나 오래 동안 떠나 있을 거야?,0
내가 도착한 이래로 비가 계속 내리고 있어.,0
 Joe 는 3일 동안 병원에 있었어.,0
그들은 결혼한 지 10년이 되었어.,0
나 영화 도중에 잠들었어.,0
나가기 전에 창문을 닫는 것을 잊지마.,0
나는 종종 독서하는 도중 잠들곤 해.,0
우리는 식사 중에 대화하지 않았어.,0
"사과를 먹기 전에, 주의깊게 살펴보았어.",0
"나는 큰 도시에 살아, 그러나 지방에 살기를 원해.",0
그녀의 책상에서 일하고 있어.,0
나의 집은 이 거리 끝에 있어.,0
그 나무들에는 많은 사과가 있어.,0
나는 그 사고를 신문에서 읽었어.,0
너의 여동생은 어디에 있니? 집에 있니?,0
여기에 버스타고 왔니?,0
그 사무실은 2층에 있어.,0
나의 오빠는 멋진 거리에 살아.,0
 몇 시에 자니?,0
 나는 침대에서 독서하는 것을 좋아해.,0
사무실에 가지 않아. 그는 집에서 일해.,0
나 피곤해. 집에 갈 거야.,0
호텔에 도착했니?,0
Alice는 왼쪽에 있어.,0
창문 옆에 서있는 남자는 누구니?,0
한 여성이 나무 밑에 서 있어.,0
그 선반들은 사진 아래에 있어.,0
나는 나의 코트 아래에 자켓을 입고 있어.,0
우리는 호텔에서 역까지 걸어갔어.,0
우리는 물에 뛰어 들었어.,0
테이블에서 발을 내려줘.,0
조심해! 너의 자전거에서 떨어지지마.,0
우리는 티비로 뉴스를 봤어.,0
Jane 은 보통 자전거로 출근해.,0
 Charles Dickens의 책을 읽어본 적 있니?,0
커피를 우유와 먹는 것을 좋아하니? 우유 없이 먹는 것을 좋아하니?,0
 도와 줄 수 없어 유감이야. 미안해.,0
 그 방은 사람들로 가득 차 있었어.,0
나는 스포츠에 관심이 없어.,0
어제 전화를 안 해서 미안해.,0
나는 이야기 하는 것을 그리 잘하지 않아.,0
한 남자가 나를 멈춰 세웠고 돈을 요구했어.,0
이 책은 너 것이니?,0
그녀는 열쇠를 분실했어. 그녀는 그것을 찾고 있어.,0
그 문제에 관해 이야기 했니?,0
이 책을 잃어 버리지마. 조심해.,0
우리는 하늘에 있는 별을 올려다봤어.,0
Emma가 차에 타서 운전하고 가버렸어,0
나가서 돌아 오지마.,0
어두워서 불을 켰어.,0
 나는 읽는 것을 멈추고 책을 내려놨어.,0
내 우산을 가져가도 좋지만 다시 가지고 와줘.,0
불을 꺼도 좋아.,0
나는 편지를 읽었고 그것을 봉투 안에 다시 넣어 놓았어.,0
나는 Rachel의 열쇠들을 가지고 있어. 나는 그것들을 그녀에게 돌려줘야 해.,0
